id,chr,pos,strand,seq,label,structure
pos_229,chr1,8865394,-,GUAGCGGCCUCCGAGUUCUUCAGGUCUGGGAAGUAUGACCU,1,....(((...)))........(((((..........)))))
pos_6975,chr17,28340325,+,CUAGGCUGGAUCCUCAUAGACCGUUGUGGAAAGCACUUUGG,1,..(((((...(((.((........)).))).))).))....
pos_563,chr1,180043186,+,GCUGAGGACCAGAACUGAAACAGAUAGGUUAAUAUUCAUUC,1,..((((((((....(((...)))...))))....))))...
pos_4043,chr19,43970806,+,ACUGAUUGCGGAACCUGAAACAGAUGGGGAGAAUGGAAACA,1,..((.((.((...(((.(......).)))....)).)).))
pos_542,chr1,166275645,+,GCAUCUAGUAGGGCUGAUCUCUGCGCUCCUGACAGUGCUCG,1,((((.(((.((.((........)).)).)))...))))...
pos_743,chr2,38295586,-,UGAAUCACUGUUUCAAGAACCAGAUUGGAAAGACAAUGAAG,1,....(((.((((((((........))))...)))).)))..
pos_423,chr1,112913928,-,AUCUCCGGACCAGAAAGACACAGAUGGAGGGCCCAAGGAGG,1,..((((((.((....(........)....)).))..)))).
pos_396,chr1,93136861,+,AGAGAUUCUGAAUAACUUAGCAGAUCAGGAGUUACAACUCA,1,...(((.(((..........))))))..((((....)))).
pos_2720,chr12,12147491,-,ACGGGCUGCUUUGGAUGGGACAGAACGGGAGGUCCUCUUUU,1,.((..((((((.....))).)))..))((((...))))...
pos_4479,chr22,45672709,+,CCUGGGGGCAGCGCUCUGUGCAGUGUGGAAGAGCACGGGCC,1,.(((....))).((.((((((..(.....)..)))))))).
pos_1547,chr6,7567889,+,CCCUGCAGCACCUGCUGGAACAGAUCAAGGAGCUGGAGGUA,1,.(((.((((.(((..............))).)))).)))..
pos_3078,chr14,69980686,+,GAAUGUGCUCUGGAAGGCAGCAGGUGGGAAGACACAAAGGC,1,.....((((((....)).)))).(((......)))......
pos_14121,chr20,34280928,-,UGAUUGGUUUGUCAGUGUCCCCCAUCGACUCUCUGGGGCUG,1,((((......)))).....(((((.........)))))...
pos_1536,chr6,3264610,+,AUGACAGUAUGUGGAUAGGACAGAGGUCAGGGAGGGCACAG,1,.((((....(((.......)))...))))............
pos_14013,chr1,54036618,-,CAGCUGUGGAGCAGUAUGUUCCCUCUGAGGUAAAUUUAAUU,1,(((..(.((((((...))))))).)))..............
pos_58,chr21,8217573,+,GACGCGAUGUGAUUUCUGCCCAGUGCUCUGAAUGUCAAAGU,1,(((((((.......)).)).(((....)))...))).....
pos_3095,chr14,74798375,+,UACAGAGGUCCUGGGCAAAGCAGAAUGGAAGACACACGGGA,1,........(((((.......................)))))
pos_9182,chr21,8443422,+,CCGCGGACGCUACGCCGCGACGAGUAGGAGGGCCGCUGCGG,1,((((((.((....(((.(..(.....)..))))))))))))
pos_7827,chr2,106844561,+,AUCUGAUUCUUCCUGUUCUCCCCAUUCUGGAAGGCUGCCUA,1,.......((((((...............)))))).......
pos_9600,chr3,31629339,+,CAGGGAGAAUUCCGUGUAGACAAAGCAGGAUCCCCUACUUU,1,.((((.((..(((.(((.......)))))))))))).....
pos_8014,chr2,209995343,+,UCACAGAGUGAGAACUUCCCCACUGAAGAAGGAGAAAAGGA,1,((((...))))...((((......)))).............
pos_605,chr1,211743710,-,UGGGGACAGAGGCCUGAAAACAAAUUGGAAGCACUCAGAGA,1,........(((((((((.......))))..)).))).....
pos_5185,chr1,212897535,+,CUGUUUCAGGAAAAAAAGAACAGAAAUACCUGAGACUGGGU,1,..((((((((..................)))))))).....
pos_10075,chr5,43291152,-,GCAGAACCUGAAGCAGCUGUCAUUAGUAAUGGGGAACAUUA,1,((((...(((...)))))))......(((((.....)))))
pos_4604,chrX,75274567,+,AGGACUGCGAACUCUCCCGGCAGAUCGGGGCGCAGCUUAAG,1,(((.(((((.....(((((......)))))))))))))...
pos_2984,chr13,110683065,-,GGUCGGCGUGGUCCCUGGUCCAGUCGGAGAGCCAGGUGGGU,1,..((.((.((((.(((((.....)))).).)))).)).)).
pos_3444,chr16,81452603,+,GAAGCGGGUGAUAGGACUUCCAGGGGGAAGAGCGUUCCAGG,1,.......(.((..(..(((((....)))))..)..)))...
pos_6875,chr16,88808170,+,CUGCUGCCGGACUGGCUCAGCCUCCACCGCAUCCGCACCGA,1,.((((((.(((..(((...))))))...)))...)))....
pos_4489,chr22,47834114,+,CCCGAGUGUCGGAGGAAGAGCAGAGUGGAAGGGUGCCUUCU,1,.((((...)))).(((((.(((...........))))))))
pos_1366,chr5,93594130,+,UCUGGUGAAAAAAAGAAAAACAAAUUGGAAGAGAGGACCAU,1,..((((..............................)))).
pos_10298,chr5,177023909,+,AAUUGAAAUUUUGACCAUAUCUAAGGAAGGUACACAGACCU,1,..............((........)).((((......))))
pos_3860,chr19,1412995,+,UCUGUAGGAGCCACGACUUCCAGUGUCGGAGAUGCCGUCAG,1,.(((..((.....((((.......))))......))..)))
pos_6808,chr16,57471013,+,GUCCUGUGGCUCUCUGCGUCCUGAAACCAUUGUCCUGUCAG,1,.....((((...((........))..))))...........
pos_1914,chr7,100098215,-,GAGAGAACACAAGGAUUGCCCAGCCUGGAGACCACGUCAGC,1,............((.....))...((((.(....).)))).
pos_1126,chr3,160417752,+,AAAGAACUUAUGGGUUUCAGCAAAUCGGUAAAUGAAGCACG,1,.......((((.(((((....))))).))))..........
pos_4307,chr21,32751137,-,GCAUGCAAAACGUCGCAUUGCAGAGCGGGAGGCCAGGAGGU,1,((((((........))).)))..........(((....)))
pos_699,chr2,3387773,+,GGAUCCGAAGAGAACGAGACCGCAUCGGAAGGCUCGAGUCC,1,((((.(((......(((.......)))......))).))))
pos_2762,chr12,51053221,+,AGAAUCUAGGACCCAUUCCGCAGAUCAGGAAGAGUUCACUG,1,........((((.(.((((........))))).))))....
pos_896,chr2,229791926,-,UGAAGAUGAAAGAGAAUCCACAGAUGAUGAGAGCAAUCCUC,1,((..(((........)))..))((.(((.......))).))
pos_5086,chr1,156624111,+,GGCCGGUACCGCUGCGAGCUCAUCAACGGCAUCGAGGACGA,1,.........((((.((((((.......))).))).)).)).
pos_4452,chr22,41325805,+,ACUAUAAGCAGGCUCUGGUGCAGUACAUGGAAGGGCUGAAC,1,..........((((((....((.....))..))))))....
pos_1783,chr6,165951613,-,UGAGAAAGGAAGGCUGGAGCCAGAUGGAAGAGGACCUUGCA,1,.......(.((((((....((....))....)).)))).).
pos_2312,chr10,13122434,+,AUCGUUCUGAGAUUGAAACCCAGACAGAGGGGAGCACAGAG,1,.....((((....((...(((.......)))...)))))).
pos_2130,chr9,33294808,+,GCUGGAUUAGAGAGCUCGACCAGAUCAGAGAGUGGGACAGA,1,.(((..(((.....(((..........)))..)))..))).
pos_3649,chr17,43202686,+,UCAUCAGGACUUGUAAACAGCAGACAGAAGAGCUAUGACCA,1,((((.((..(((...............)))..))))))...
pos_768,chr2,63919921,-,GGAUCUUGUUGAUUCUCUGUCAGAUGGGAAGAUUGCUUUAC,1,.((((((.(((((.....))))....).)))))).......
pos_2123,chr9,32630836,-,ACAUCUCCAAGCACAAGUAUCAGAGUCGGGAGAGUUUUCUA,1,...(((((..((.(........).))..)))))........
pos_3758,chr17,78971681,-,CCCAGUGCCCUGGACACCAACAGCUCGAAGAGCACCUCCUC,1,.((((....)))).........((((...))))........
pos_6001,chr12,49129657,-,GGCAAUGCCUGCUGGGAGCUCUACUGCCUGGAACACGGCAU,1,....((((((((((((((.....)).)))))..)).)))))
pos_14155,chr11,130122462,+,AUGAGGAGAAUCCUACUGAACCCGGCAGCGACGGCACCAUG,1,...((((...)))).......(((.......))).......
pos_2868,chr12,120148203,-,CUGGACAGCAGGCGCUCAGGCAGAUCGGCUCCGUUAUCAGG,1,((((..(((.((.(((.(......).))).))))).)))).
pos_13600,chr1,156136989,+,CCCUUGCUGACUUACCGGUUCCCACCAAAGUUCACCCUGAA,1,........(((((...(((....))).))))).........
pos_5828,chr11,112032539,-,UAUAGAGAUUAGCAUGGCCCCUGCGCAAGGACAACAAAUUC,1,...................(((.....)))...........
pos_2619,chr11,72007215,-,CCGCUCGUCGGCGCACCACGCAGAUCAUCAACAUCACCAUG,1,......(((.(((.....))).)))................
pos_6021,chr12,50058091,+,UGGACUGGGGGGGGCUGCGUCCGGGGCGGGGACAGCUCGCU,1,........((.((((((..((((...))))..)))))).))
pos_7749,chr2,55234133,+,CAUUAGGAAUUCCUCCUGAUCAGCAGAGACUGAUCUUUGCU,1,.(((((((.....))))))).((((((((....))))))))
pos_2616,chr11,68828354,-,GGUGGCCCAUUCUGGACACACAGAAGCGGAAGGAACACAGG,1,.(((..((.(((((............)))))))..)))...
pos_4220,chr20,53568595,-,UAUCGCAACUUUGAGCAUCUCAGAUGGGGAAGGCACCUUCU,1,...(.((..((((((...)))))))).)((((....)))).
pos_5991,chr12,48654500,-,CAGUGGCCCUGACUGAAGACCAGCAGUUGUACUGUGGCUGU,1,(((((...(((.(((.....))))))...))))).......
pos_14969,chr7,101137741,+,ACCAUCUGGGGCACCUGCUUCCACCCGUCUCUCUGCCCACU,1,........(((((...((........)).....)))))...
pos_3947,chr19,11446313,+,GACUCACCCGGAGCUGGACACAGAUGGGGAUGGGGCGUUGU,1,..(((((((....(((....)))...))).)))).......
pos_3979,chr19,17191202,+,AGAUAGACAAGAGGAACUACCAGAUCGGGAAGACCAAGGUC,1,.....(((....((..((.((......)).)).))...)))
pos_9835,chr4,39457607,-,AUUUGUAGUCAUGUACAGAACAUGAUCAAGGGUGUUACACU,1,.((((..(((((((.....)))))))))))...........
pos_493,chr1,155009074,+,AGGGUCAGAGGACUGAAAAACAGGUCAGGAAGAGGGUGCCC,1,.(((((......((((........)))).......).))))
pos_490,chr1,154583300,-,GUUGGUCAUGACUCCAAGAGCAGAGCAGGGAAGAGCCCAAG,1,..((.((.((.(((...))))))).))(((.....)))...
pos_4467,chr22,42628212,-,CUCAGUACCUGGAGAGCAUGCAGAUUGGAGACACCAUUGAG,1,((((((..(((.(.....).)))...((.....))))))))
pos_6507,chr14,103520265,-,CUAUGAGUUCAUGUGGAACCCUCACCUGGGCUACAUCCUCA,1,...((((...((((((..(((......))))))))).))))
pos_7701,chr2,26201311,-,GUUUUUUCUAGAUUGAAUGACAAAGUGAAGAAGAAAGCUCU,1,.((((((((..(((.........)))..)))))))).....
pos_11201,chr8,127988065,+,UGUCCGUGAUACCAACACAUCUAAGGAAGGAAUAUGACAAC,1,..(((..(((........)))...)))..............
pos_789,chr2,74370026,-,GGAGAUGGUGGAGAUGCUGACAGAUCGGAACCUGAAUCUGG,1,(((...(((...(((........)))...)))....)))..
pos_10908,chr7,108218172,+,UCCCUCACGGCUUCCCUUGGCUGGGGGGGGGGGGGAGUUCC,1,((((((....((((((......))))))..)))))).....
pos_8357,chr21,8214176,+,GUCUUCCCGGAGUCGGGUUGCUUGGGAAUGCAGCCCAAAGC,1,(.(((....))).)(((((((........))))))).....
pos_484,chr1,153918326,-,CAGAUUGGACUAGUGGAACACAGGUUGUGGAGAGCCUUGAA,1,............(((...)))(((((......)))))....
pos_3044,chr14,49829376,-,GUUCGAAAGGAUCACGAAAACAGAUUGGAAGCUCUUCAGCA,1,(((.(((((..((.(((.......)))))..)).)))))).
pos_1084,chr3,121695946,-,ACGUCUCACCAAGUCUCUGGCAGAUGUGGAAAGCCAAGUUU,1,((((((..(((......))).))))))((....))......
pos_3389,chr16,58548545,-,CCUGGCUCUCUGUUGCACAGCUGACUUGUGCCAUUCUGCUG,1,...(((.....((.((((((.....)))))).))...))).
pos_4808,chr1,28508582,+,ACGUGGAUACCCUGGGAGGUCACUCUCCCCAGGCUCUGUCC,1,....(((((.(((((((((....))).))))))...)))))
pos_3757,chr17,78857569,-,GGGACACCCUGAGCACCACCCAGAAGAAGAGCCUGAACCAC,1,(((...)))...........(((.........)))......
pos_8245,chr20,58991883,+,UUGUGUGUGUGUUUUCAGAACAAGCGAGUGAGCAUCAAUAA,1,((((.(((.((....))..))).))))..............
pos_9764,chr3,186811189,-,GGAUCCUGUUGAUCUGUGACCUUACCCCCAACCCUGUGCUC,1,(((((.....)))))..........................
pos_10768,chr7,30083655,+,UUAAAAGGAAAAAAAUACCACUACUCUGCAAUGCAAAAGUC,1,......................(((.(((...)))..))).
pos_4297,chr21,26051009,-,CGGAGCAGACACAGACUAUGCAGAUGGGAGGUAAGGUGGCC,1,.((.((....((...((((....))))...))...))..))
pos_8073,chr2,232459378,+,GCCUGGGACUUCCAGGACCUCCCCUCAGGUUGUUCUCUGAU,1,.(((((.....)))))........(((((......))))).
pos_4062,chr19,48874330,+,UGAGGACAGUGACUCUGGAUCAGAUGAGGAAGAGGGAGAAG,1,............((((...((....))...)))).......
pos_7590,chr19,38838949,-,CUGAUGGCUACGCUGUAGACCGGGCCAUUACCCACCUCAAC,1,.((((((((.((........))))))))))...........
pos_3948,chr19,11513819,-,GUGGGAUUGCUGUCCUGGAGCAGAUGGAGAACCACGGUGAG,1,((((.....(((((........)))))....))))......
pos_8038,chr2,224257306,+,AACAAGAACUUUUCUACAGUCUGACGAUAGGGACAUCUUGC,1,..(((((...((((((..((...))..))))))..))))).
pos_4292,chr21,14967906,-,UUCUGAGGACUGGAAUGCAGCAAAGCGGAAGAGGCUGUCUG,1,(((((..(.(((.....))))....)))))...........
pos_7750,chr2,55234152,+,UCAGCAGAGACUGAUCUUUGCUGGCAAGCAGCUGGAAGAUG,1,.(((((((((....)))))))))((.....)).........
pos_11722,chrX,154018066,-,UACUGUGCUCAGAACGGCUUCUACUGCCUGGUGUACGGCUU,1,..((((((((((..(((......))).)))).))))))...
pos_3415,chr16,70259030,-,AGGGAGCCAUGUCCACCCAACAGAUCAAGAAGGCUGAAGAG,1,..(((......)))......(((.((.....))))).....
pos_6896,chr17,4945995,-,UCUUUCCUCCUCCUCCAGCGCUAGUCCUGCUGAUGGGCAAA,1,..........(((..(((((.......)))))..)))....
pos_4579,chrX,53573893,-,GGGCCUCUGAGGAAGGCAAACAGAAAGGCAAGGGCAGCAAA,1,..(((((((...........))))..)))............
pos_3084,chr14,71009700,+,ACUUGUGAAUUUUGAACCAGCAGCAAGAAGAGCAUCCAAUA,1,.(((((................)))))..............
pos_1085,chr3,121772587,-,ACAGAGAAGCUCUGAUAGCACAGAUCAGCACCAACGUUGAA,1,.(((((...)))))..........(((((......))))).
pos_3071,chr14,67383357,+,AUGAGACUGAACUUGCGAGGCAGAUGGAGAGGCUUGAAAGA,1,...........(((.((((.(.........).)))).))).
pos_2486,chr11,16738724,+,AUUGUAAGCUGCUGGUUUUGCGGCUGGGAAGAGCGGCGAGA,1,.........(((((.((((.(.....).)))).)))))...
pos_862,chr2,206126797,-,ACUCUGGAUCAAGUAAGGAACAGAUUGGAAGAAGUCUCUCC,1,..((((..((......))..))))..(((.((....)))))
pos_4052,chr19,46733061,-,GGGAGUCGCUGCUGGUGAAACAGAUCGAGGAGCAGAUAAAG,1,....((((((.(((((.......))).)).))).)))....
pos_9414,chr21,18174182,-,UGAAAAUAACUGAAACACCACUACUCUGAGAGACUUGAUUU,1,.......................(((...))).........
pos_909,chr2,232839957,+,UAGAGGAAGAACGAGAACGGCAGCUUCGAGAAGAGGUAAAA,1,......................(((((.....)))))....
pos_865,chr2,207530109,+,AUCCGGGCCGUGAACGAAAGCAGUGACGGAGGAGCUUGUAC,1,.(((...((((..((.......)).)))).)))........
pos_6894,chr17,3724127,+,UCGCAGUCCGACGAUCCUGACGAUCCCGACGACCCCGACUU,1,(((..(((((..((((.....)))).))..)))..)))...
pos_2902,chr12,124364225,-,CUGAUUCUUUGGCUUUCUGGCAGCUUCGGAAGGGCCACGUG,1,.........(((((((((((.....)))))).)))))....
pos_3565,chr17,8506403,-,AGACGACCGACCUGCAGGACCAGAUCGCAGAGCUGCAGGCG,1,.......((.(((((((...............)))))))))
pos_602,chr1,207363430,+,UGCUAAAGAUAACAGAACCACAGAAAGGAAGGAGCUUGAGU,1,.............((..((...........))..)).....
pos_1118,chr3,141423947,+,UGAUUUGUCAAGUCUGUAAACAGAUCGGAGAGGUAAUGAGG,1,..((((.((..(((((....)))))..)).)))).......
pos_2544,chr11,61324032,-,UGCUUUUGGAGAAGGAGGAACAGAUGGAUGGCACCGUCACU,1,(.(((((.....))))).)...(((((......)))))...
pos_4367,chr22,21694309,+,UGGAACUCUGUUUACCAAACCAGCGGGGAGAGCACAAGCCA,1,.....(((((((.........)))))))...((....))..
pos_6188,chr12,112405865,-,CAGGAAGGUGAGAUCUUCGACACAGAAAAAGAGGUAAGUUU,1,...((((((...)))))).......................
pos_4039,chr19,41906590,+,GAAAUCCAGGAGAACCUGCUCAGCUUGGAGGAGACCAUGAA,1,....((((((.((......))..))))))............
pos_11699,chrX,135342082,-,AAAGAGAAAGGUGAUAAGAUCCCUGUGAACUAAACUAUGAU,1,........(((.(((...)))))).................
pos_218,chr1,1785890,-,CUCGUUGCUGCUCUGUGGCACAUAUCGGAAGCAGUACAGCG,1,......((((..((((..(........)..))))..)))).
pos_9643,chr3,51993835,-,CCAAGGCCAAGGCCAAGGAUCAAACCAAGGCCCAGGCUGCA,1,....((((..((((..((......))..))))..))))...
pos_4094,chr19,54458479,+,CUACCUCGUGGACAAGUUUGCAGAUCGGGAGCGCAAGGUCG,1,..((((.(((..(..(.........)..)..))).))))..
pos_2691,chr12,1236818,+,CAAAUCUGAAGCACAAGGAACAGGUGGAAAAAAAGAAGAGU,1,...(((((...(....)...)))))................
pos_3520,chr17,2386368,-,CUUGCUCUGAGCACAGGUGACAGAUCAUAGGAAGUGGCUGG,1,.((((.(((....)))))))(((.((((.....))))))).
pos_3777,chr17,80962519,+,CUGAGUCGGUAAAUGUGCUUCAGAUCGUGAAGGGGCUGACG,1,....((((((.....(.(((((.....))))).))))))).
pos_11423,chr9,136461474,-,AGCAAAUAUCUACAAAUACCCACUACCACAGGGACUUUGAA,1,............((((..(((.........)))..))))..
pos_3245,chr15,84798829,+,GGAGUGCCAGGAGUGGGUUCCAGAUCGGGAGAGCUACGUGU,1,((....))....((((.((((......))))..))))....
pos_974,chr3,37326214,+,UGACUGGUCCAAUAAAUUCUCAGAAUGGAAGAAGAAAGCAC,1,.......((((..............))))............
pos_345,chr1,44053877,+,AGAUACUGUCCGUGAACAUGCAGAUGGAGUAGCCACCCAAC,1,.....((((((((..........))))).))).........
pos_4881,chr1,47251372,-,UGCAGACAAAAGCAAAACAGCAGUUGACUGAAAAGCCAGCU,1,(((........))).......(((((.((....)).)))))
pos_4580,chrX,53583691,-,CAAAUAUGCCAUGAUGUUUGCAGAACUGAAGAGUACCCGCA,1,(((((((......)))))))....(((....))).......
pos_6887,chr17,979390,-,UCGUGUCCUCGGACCAGGACCAGCGGCAGUGGCAGGACUUC,1,....(((((..(.(((...((...))...)))))))))...
pos_810,chr2,99369446,+,AGUUAUGGAACAAGGAGUACCAGAAAAGGAAGAGACACCAC,1,.....(((.((.....)).))).....((........))..
pos_3916,chr19,7863257,+,ACAUCCGCGAGCUCAAGGACCAGAUCGAGGAGCUGAAGGCC,1,....((...(((((...((.....))...)))))...))..
pos_1715,chr6,107210450,-,GAAGAGAUUUGUGGAUUAAACAGAUCGGAGAGGUAAAAUGA,1,.....(((((((.......)))))))...............
pos_11561,chrX,77968366,-,UGACCCCAGAGGAUCUGGCUCUAGGUUGGGAUCAAUCCUGA,1,.(((((((((...))))).....))))((((....))))..
pos_615,chr1,214645291,+,GAAAAUGAGCUGAGUAGGAUCAGAUCGGAGAAAGCUAGCAU,1,......((.((((......)))).))...............
pos_11724,chrX,154349831,-,CGUCGUGAACACGAGCAAUGCGGGAGCUGGUGCCCUGUCGG,1,..((((....)))).....(((((.((....)))))))...
pos_3563,chr17,8504742,-,GGAACUGGAAGCUCUGAAAACAGAGCUGGAGGACACGCUGG,1,....((...(((((((....)))))))...)).........
pos_10885,chr7,96740693,-,CCCAUCAGAGUAUAUUUGGCCUUGGGGAGAAGACUCUCUUC,1,(((((((((.....)))))...))))((((....))))...
pos_10011,chr5,271801,+,GCGCUGCCGGACCAGAGCUUCCUGUGGAACGUUUUCCAGAG,1,((.(((......))).))...((.(((((....))))).))
pos_5049,chr1,150625706,-,AGAACCUGGUGACUGGUGAUCACAUCCCCACCCCACAGGAU,1,....((((.((...((((..........)))).))))))..
pos_4614,chrX,100822359,+,AACCUGAAUGGGCGCGAAUUCAGUGGGAGAGCACUUCGAGU,1,..(((((((........)))))).)((((....))))....
pos_4013,chr19,34368616,+,UGCACGUGGCUCUGCGGAACCGGUCAAACACACCCAUCCUG,1,.(((........)))(((...(((.......)))..)))..
pos_9702,chr3,129272857,+,UCACUGUCAAGGACUGUGAUCCCACCACUGGGGAGACUGAU,1,((((.(((...))).)))).((((....)))).........
pos_10114,chr5,82277721,-,ACCCUUUUGGAGGUGCUUCUCAUGCAAAAGGAAUCGUGCUG,1,..(((((((((((....))))...)))))))..........
pos_1192,chr4,6675550,+,UGAGGACCUCUGCAGACCAUCAGAUCAAAGGAGGGAGAGCU,1,......(((((...((.(....).))...))))).......
pos_2708,chr12,6855455,+,CGUUUCUGGGCUUUGGGAAACAGUAUGUGGAGAGACAUUUC,1,.((((((........))))))...((((......))))...
pos_14148,chr2,69816168,+,AUUUCUAACUGUUCUCUGUUCCCGGAACCGAAAUCACCUGU,1,..........(((((........))))).............
pos_3840,chr18,55229050,-,UGACGAUGAGGACCUGACACCAGAGCAGAAGGCAGAGCGUG,1,..(((.....(.(((..............))))....))).
pos_6364,chr14,16055494,+,GCCAUUAUUAAGAGGGACGGCCGGGGGCAUUCAUAUUGCAC,1,(((..........((.....))...))).............
pos_3273,chr15,98953876,+,GUGCUUGAGUGGGACCCAGACAGACAGGAAGGGCGCUCCUG,1,....(((..(((...)))..))).(((((.(....))))))
pos_14347,chr22,42619269,-,GACAUUGACACCAGAAAGCCCUCUUGGGGGCACUGCUCCCU,1,.........................((((((...)))))).
pos_4835,chr1,37707987,+,GUGGGGUCUGAAGGGUACAUCCAAGGAAGGGGACAAGGCGG,1,((...((((....((.....))........))))...))..
pos_4616,chrX,101403881,+,GAAGUCUGCCUUCUGAAUCUCUUUGGGGAGCCAUCCAACAG,1,((((.....))))((..((((....))))..))........
pos_1089,chr3,123130568,+,UGACCGAUGAAGACUUUGACCAGUUUGUGAAGGAACACUCC,1,...((.....(((((......))))).....))........
pos_4352,chr21,46283804,-,ACUCCGGCGCGUCAGAGUAACAGAAGCGAGAGCACAGACAG,1,.(((...(((.((.........)).))).))).........
pos_210,chr1,941257,+,GUCGGAAGCAGGGCCUGGCUCAGCACCGGGAGGGCGCCGCC,1,.......((.(.((((..(((......))).)))).).)).
pos_3387,chr16,57455775,+,AGUUUGGACAUGAUUGAACACAAAUGGGAAGAGUACAGAAA,1,.(((((..............)))))................
pos_4430,chr22,37805743,+,UGGGUGAGAACGCUGACUCGCAGAUCAAGUUGUCCAUCAAG,1,.((((.((....)).))))((((......))))........
pos_15061,chr9,136793181,+,CUGUCAUUUCCUUUCUAGCCCCUGCAUCUCCAACAAGUCCA,1,.................((....))................
pos_1987,chr7,157207900,+,CUGAAAUGCAACAAUGCAUACAGAUGGAACAGAAAAGAUGG,1,(((..(((((....))))).)))..................
pos_938,chr3,3137420,+,GGGAUUCGGAUGAUAAACAACAGAGGAGAAAAGCACGGAAC,1,....((((...........................))))..
pos_2517,chr11,47329105,+,UACGUGGCUGCAGUUCAUAGCAGUGAGGAAGAUCUCAGAAC,1,..(.(.(((((........))))).).).............
pos_4400,chr22,30977987,+,CGGGUCUGGAAGGAAUACAGCAGUUCGAAAGCCGCGUCCAU,1,..((.((((...((((......)))).....))).).))..
pos_1253,chr4,152968077,+,GGGAUGGUGAACUUUGUCAGCAGAUGGAAGAUUUUCUUCAG,1,....((.(((......))).))....(((((...)))))..
pos_9652,chr3,54383672,+,CCAGAGAUUAGCAAGGAUGACACGCAAAUUCGCGGAGUUCC,1,..............(((.....(((......)))....)))
pos_10017,chr5,1602695,-,CCAGUGACUGUCAGGUCGAUCAUAUGUAAGUAUCGGCAGAC,1,.........(((..(((((((........).)))))).)))
pos_3039,chr14,39181358,+,GCCAGUCUUGACAGUACAUCCAGAGAGCAAGAGCAAAACCA,1,((...(((((.(..(........)..)))))))).......
pos_3517,chr17,2299791,-,AUUAGGACCCAGGAGAAGUUCAGAAAGGAAGAGACAUUUAG,1,....((((.........))))....................
pos_6282,chr13,35955021,-,UACAGCAGCUGAGAACACAUCCAAGGAAGGAAUACACUUUC,1,........................(((((.......)))))
pos_1906,chr7,98204180,+,UGACCGACUCGGACAUCGAGCAGGGCGGUGAGAGGCGCUGC,1,...((..((((.....))))..))((((((.....))))))
pos_1746,chr6,143942167,-,AGCUGAUGAAAGAGAGCUUGCAGACCGGAGACCUUCUGAGC,1,((((..........))))..((((..((...)).))))...
pos_419,chr1,111449172,+,UGGGGUUUCCUUCCGCAUCUCCACGGUUCCAACUCCAACCU,1,(((((((.....(((........)))....)))))))....
pos_13689,chr1,205750073,-,CGGGGUUCGGCAGCAGCGGUCCCAUCGGCUGAAGUUCGGGG,1,((((.((((((.....((((...)))))))))).))))...
pos_6828,chr16,68360861,+,AGCAGACAAAAAUAAAGAACCCUGGACGAAGCUUAAGAGGA,1,....................(((..............))).
pos_8225,chr20,45950753,+,GCUGGGUAGAAAGGCCAAGCCGGAUCCGUAUCUGGUGCUGC,1,(((.(((......))).)))(((..((......))..))).
pos_2741,chr12,39332231,-,AUUGUCAGGCCAACAUAAUGCAGAUGGAAGAAGCAAAGGUU,1,.((((....(((.(........).))).....)))).....
pos_4864,chr1,44777686,+,CGAGCUGGUUCGUACCAAGACCCUGGUGAAGAAUUGCAUCG,1,(((((.(((((.(((((......)))))..))))))).)))
pos_2943,chr13,32500824,-,UUGUCAUAAGACUCAGUAGACAGAAGGGAAGAGGGCACAUG,1,.((((......(((...........))).....))))....
pos_14968,chr7,101138019,+,AGGUGGCAGAGUGAAUGUCCCCCAUCAUGUGGCCCAACUCU,1,.(((.(((..(((.........)))..))).))).......
pos_3442,chr16,80684873,-,GAAACUGUCCCACAGACCUUCAGAUCCUGGAAAGAGCAAGG,1,....((((...))))...(((((...)))))..........
pos_2366,chr10,77841883,-,AGGAGAUGGAGGCGCUGCGGCAGGUAGGUGGGUGGGCCGGU,1,..........(((.(..(.((......)).)..).)))...
pos_9811,chr4,7680802,+,CUGCCCCCCAACUCCCACAUCCAAUGAAGGCAGCCCUGAGU,1,(((((.......................)))))........
pos_3806,chr18,2656211,+,AGCUCGGGGACCGGCCUCUGCAGGUCGGGGAGCGCUCGGAC,1,.((((...((((.((....)).))))...))))........
pos_4109,chr19,58230114,+,GCUGGACACGUAACCUGGAGCAGAUUGGAAACGUCACCCCA,1,...((..((((..((...........))..))))..))...
pos_2359,chr10,71817364,-,UGUCUGGGGGAAUGAACGCACAGAUCUGUUUGACUUUGUUA,1,.((((((.(.......).).)))))................
pos_11546,chrX,73826698,-,CGGAAUCUGGAGGCCCAUGACCCAGAACCCAGGAAGGAUAG,1,.((..(((((.(........))))))..))...........
pos_3182,chr15,45421086,+,AAAUGGACUAGACGCAACUACAGUGAAACAAGAGCACUUUC,1,.....................((((.........))))...
pos_4244,chr20,59206364,+,AUGAUCCAGUAGGGCUCCUCCAGAUGGAAGGUCUAUGAAGA,1,........(((((.((((.......)).)).))))).....
pos_1654,chr6,35842561,-,CUAUUUGUUUGAACCUCAUUCAGGGGAAGAGUACACUCGAG,1,...(((.((((((.....)))))).)))(((....)))...
pos_2836,chr12,104994525,+,UCGGAUUCAAAAGAAGUGGACAGUUCAGAAGAGAGUUCACA,1,...............((((((..(((....))).)))))).
pos_11122,chr8,73291120,-,AGGUGGAAUGAAGAAAAAGACCACCCAUUUUGUAGAAGGUG,1,.(((((..(........)..)))))((((((....))))))
pos_2409,chr10,110601769,+,UAAAGAACUGGAAAAGAUGACAAAUCGGCAAGGCAUGCUAU,1,...............(((.....)))((((.....))))..
pos_2380,chr10,93474164,-,GCUCAUCCCAGGACUGGAAUCAGAAGGAAGGCACUAAUAAG,1,(((..(((.....(((....)))..))).))).........
pos_3901,chr19,4821456,-,ACUGUGCCCAGUUUAAAGAACAGAUGGGGAGCACAAUAUAG,1,..(((((((.((((.......))))..)).)))))......
pos_1856,chr7,43879015,-,GGCCUGUGGAGAAGGAGAGCCAGAUGGAAGAGGAGAUCAUC,1,(((((.(......).)).))).((((...........))))
pos_11349,chr9,94456326,+,CGUCUCUCGGAAUGCAGAGUCAGAUCAGCAAGGUGAGGUCA,1,....(((((...(((.((......)).)))...)))))...
pos_300,chr1,30950230,-,UGAACAGAAGCUGGCUUUGGCAGAACGGAUUCGAGGCCACG,1,...........(((((((((..........)))))))))..
pos_1994,chr8,6444886,+,AUGCCGAGGCUGCAGCUGUGCAGGUCGGAAGACAGGCUGCA,1,...((((..(((((....))))).)))).............
pos_3691,chr17,59106452,-,AGCCGGAGGCAAUGGAUGAACAGAGCGUGGAGGUGAGGGGG,1,.(((..(.((..((......))..)).)...))).......
pos_1386,chr5,123614410,+,CAAAUGACUCUGGACACAGACAGAUCCUGGGGAGUUACUUA,1,....(((((((((((.......).)))...)))))))....
pos_1799,chr7,853550,+,AGCUGCAGGCUCGGGUGGACCAGAUGGAAGGCGGCGCUGCC,1,.......(((..(.((.(.((........))).)).).)))
pos_9801,chr4,1046466,+,UCCCCGAGCCCUUCCCGAGCCUUUCCGCAGCCCUCCCGAGC,1,.....(((..((...((........)).))..)))......
pos_4260,chr20,62773200,+,CACUGAGCUCUUUCCAAUCUCUUGCUUGUCCCAGCGAGUAC,1,....................((((((......))))))...
pos_2332,chr10,32019894,-,ACAUGAGAAGUUGAAAGCCACAGAUCAGGAAAAGAGCAGAA,1,.........(((.....((........)).....)))....
pos_209,chr4,102797077,-,UAAAACCAUUCCUCACUGCUCUAACAUGCUGAAGAAAUCAU,1,........(((.(((..((........))))).))).....
pos_5191,chr1,216071337,+,CUCUCUGAGCAGUUAAAACACUACAGACACCUAUAGAAAAC,1,...((((...(((......))).))))..............
pos_8263,chr20,62799858,+,ACCCUGAUGGACCUGAAAGACCAGGAUCGGUCCAGCUCAGA,1,...((((((((((.((..........))))))))..)))).
pos_245,chr1,11970727,+,CUAUUGACAUCCACAUGAACCAGAUCGGCUUUGAGCGGGAG,1,..........((.(.((((((.....)).)))).).))...
pos_496,chr1,155354569,-,GGGAGAAGAUUCGUCAAAAACAGGAGGAAGUAAAGCACACC,1,.........(((.((........)).)))............
pos_440,chr1,117112354,-,GAAAUCUGAAUGCACAUGGACAGGUGGGCAGAGCGCACCGA,1,......................((((.((...)).))))..
pos_2987,chr13,110899413,-,GAACAACACAGUCCUAUUUUCAGAAACGAACAGACACACGU,1,..........(((.....(((......)))..)))......
pos_1086,chr3,122426267,-,GUUUGUAGAUUCCCUUAGAGCAGAAAGGAGAGGGGCACAUA,1,...(((...(((((((........)))).)))..)))....
pos_9742,chr3,175374601,+,AAAAAGAAAGUUAUAUAGGCCAGGUGUGGUGGCUGUAAUCC,1,.........((((((...((((....))))...))))))..
pos_3118,chr14,100337073,-,AGGACGACGACAAGCUCGAGCAGAUCAGGAAGGUGAGCAGG,1,.............(((((...............)))))...
pos_8678,chr21,8259813,+,AUAGCUGGCGCUCUCGCAGACCCGACGCACCCCCGCCACGC,1,...(((((((.....((.........)).....))))).))
pos_2781,chr12,55992183,+,AUCUCCAUGAACAGUCCCAGCAGAACAAGAGCCAGUGUUGU,1,.................(((((.............))))).
pos_4455,chr22,41351608,+,AGUCUAAGAAGUACUGGCAGCAGAUGGAGGCGCAUGCGGGG,1,.............((.(((((..........)).))).)).
pos_4634,chrX,123885898,+,AUGGCAAUAUGGAGACUCAGCAGUUGGAAGACACAGGAAAG,1,....((((.(((....)))...))))...............
pos_3233,chr15,73570348,-,AGUUGAACAUUGUGAACCUGCAGAUCACGGAAGACCCUGGC,1,.(((.....((((((.(.....).))))))..)))......
pos_2140,chr9,35689706,-,AAGCUGAGGACCGCUGCAAGCAGGUUAGGGCCGGGCCCAGU,1,........(((((((...))).)))).((((...))))...
pos_13318,chr19,35658633,+,AACGGGCUGAAGGCACGUUUCCCGGGAAGAUCUGAACUGGC,1,((((.(((...))).))))..((((...........)))).
pos_13994,chr3,53241233,-,CCCGGCAGGGCCAUGCAGCUCCCAUCCUCUACGCGGUCUGG,1,(((....)))(((.((.((.............)).)).)))
pos_7943,chr2,164728080,-,GUAGCAAAUGUGAGUUUGAUCCGUUGCAUACACUAUUGUUG,1,(((((((.((.((......)))))))).)))..........
pos_708,chr2,10790804,-,AGAGUGGGCUGCCGCAGCUUCAGAAGUAAAAGAGCAGACGA,1,...((((....)))).((((...........))))......
pos_3718,chr17,66807501,+,GCAAGAACUAAUUCAAAAGGCAGAUCAGAAACCACAGGAGU,1,..........((((....((...........))....))))
neg_45041,chr17,4543433,-,GUGUAGACAGGAGGGGUGCCCCAGGCAGGCAGUUGGCCCUU,0,...........(((((((((.......))).....))))))
neg_83965,chr3,139374080,-,AAGAAAUUGUGGGUAGAAAGCAUCUGGCACAUAGGAAACAC,0,......((((((.((((.....)))).).))))).......
neg_16115,chr5,14358507,+,GAGAGAGAAACGGCUCUCUUCUCUCUUUUCCUUUCCCCUCC,0,(((((((((.........)))))))))..............
neg_48239,chr17,80959182,+,CUCUGACGUGACCGUGGAUCCCUCGAGGCACCAGCAGCUUU,0,(((((..(((.((.(((.....))).)))))))).))....
neg_62319,chr1,157801862,-,AAUGUCUCCUUCCCAGCGUCCUGGGAGAGUUUUGCUGGUGC,0,.....(((..((((((....)))))))))............
neg_77138,chr19,18171799,+,GUCAUUGUCCCUUCAGCCCUCCCCAACCCUGGGGCCUCACU,0,....................(((((....))))).......
neg_25741,chr8,38276420,-,ACGAAAGAUCAAAACAGAACCAAAGCAGAUGCAUGAAGAUU,0,........................((....)).........
neg_11089,chr2,232524573,+,UGUCAAACAGAGAUGCUUUGCCUGGUGUUACUGCUUAACUU,0,.((.((.(((.((((((......)))))).))).)).))..
neg_50884,chr19,16114816,+,CCUAAGAUCCCUCCCUCCCACCCCUUCAUUCCCCUCCUUCC,0,.........................................
neg_35843,chr12,79690607,-,GGCCGACUUGGGGGUGGGGUCAGUCCUCUCUCCUCCCUUCU,0,.........(((((.((((........)))).)))))....
neg_49549,chr19,2787652,+,UGGCCAGAAAAUGACCUCAACUGACCGACUGAGAGCCUUUC,0,.(((((.....))..((((..........)))).)))....
neg_80748,chr20,34085765,-,AGGUCUUUCCACAAUUUAUUCCACGUGGCUUGAGACAUGGA,0,..(((((.((((............))))...))))).....
neg_9414,chr2,58151210,+,GUGAAUUUAUCCAUUUGUCUCUUCUAUACAUUUUUGCUUCU,0,.........................................
neg_78492,chr2,26942712,+,CUGUCCCCUGAGGUCCUUCCCAGACACUGUCUACAAGAAGC,0,.......(((.((.....)))))..................
neg_54260,chr20,59003634,-,UGCAUAUGACACCCCACUUCCUGAAUUAUCUCCCGGAUUUA,0,..................(((.((......))..)))....
neg_40715,chr15,50572560,-,UAUUGCAAUAAAGCAUAUCACAUGAAUUUUUUGGAUUUGCA,0,............(((.(((.((.........))))).))).
neg_64547,chr10,97425733,+,CAGAUGAGGCUGAGAGGUUUCCCGACCUGCCCAAAGACACA,0,....((.(((....(((((....))))))))))........
neg_25534,chr8,25245039,+,UUUGCUUAUGGAAACCACAGCUCUUCCAAUCUUUUUAUUUA,0,...(((..(((...))).)))....................
neg_119145,chr16,87834793,-,AUCAUAAGCCGCCUGAGCCCCUGGCAACAUGCCCAGCACUG,0,.......((.((.((.(((...)))..)).))...))....
neg_33306,chr11,70209197,+,GGUUCUGGAGGUCAGAGGUCCAAAAUGUCUCUCCCUGGUCU,0,....((((.((..(((.((.....)).)))..))))))...
neg_41891,chr16,672924,+,CUCAUACCACUCUCUGCCCACAGCACCAUUACAUGGACGGG,0,.............(((.(((.............))).))).
neg_22167,chr6,160066583,+,AAUAUUAAUAGAUGAAAUUACCCACCCUCACCUCUCCCUCC,0,.........................................
neg_7387,chr1,207366942,+,CAGAAAAUUAGCUAUCACAACAUCUGUGUGUGUAUAUACAU,0,..........((...((((.....))))...))........
neg_16867,chr5,71850054,+,CAAGAGGUGGGCUACCAUGACCUUGGGCAGCUCCAACCCUG,0,..((.((((((((.(((......)))..))).)).))))).
neg_78316,chr2,10786582,-,ACAUGAAAGCCUGCAGUGCUCUUGCUGCCAGUCUUCCUACU,0,....(((.((..(((((......)))))..)).))).....
neg_73776,chr17,7754416,+,GCCAAGUCCACACCAUACACCACCAGUCCCGAAAAUGGCAC,0,((((...............................))))..
neg_36816,chr12,122205533,-,AAAGCCUGUCUUCAGUUUCUCAUUUUUGUCCCUCUGGUGUC,0,...........((((.....((....)).....))))....
neg_112403,chr16,28379165,-,UCAGGAAGACAUAGUGGAGACAGUAGUGACAGUUGGACCCU,0,((((....((.((.((....)).)))).....)))).....
neg_18467,chr5,172766484,-,UGGAAAUGUACCAGCGACAUCGAGUCUGUGACAGAUGCCAU,0,(((...(((..((((........).)))..)))....))).
neg_1021,chr11,10799789,-,GGACAACUUGGUAAAAUGAACUAUUAGAUGAUGCAGGUGGC,0,.....(((((......(((....))).......)))))...
neg_20196,chr6,30581257,+,UGUGACCUUGAAUACAUCUUCCCAUCCCCUUGGGUCUCACU,0,.((((...............((((......))))..)))).
neg_92655,chr9,12933961,-,UUAAAUUUAAACCCUGUUGUCUUAACUACUACGCUAUUCUA,0,.........................................
neg_61242,chr1,61153979,+,AAGAGUACUUUGGAAUUUUACAUUUUCUCCCUUUAGUCAAG,0,..(((.....((........))....)))............
neg_58411,chrX,53572579,-,CGCAUAUGUAAAAUGGGUGCCCAAAUAUUUUUUCCCGUAAG,0,............(((((................)))))...
neg_33729,chr11,114452093,+,CUUGACUUGGUUUAGUGUUUCCAACUAAAUUUGGCAAAAGG,0,.(((.((.((((((((.......)))))))).)))))....
neg_84500,chr4,6288278,+,UAUUGUACUUUAAAGUUCCUCCCACAUCCUUUUGCCCAGGC,0,.................(((....((......))...))).
neg_43215,chr16,56751145,+,GACACCACACUAGAUUUUUCCAUUCAAACUGAAAUCAGGCA,0,.........((.((((((............))))))))...
neg_91048,chr7,134930181,+,ACGUAUUUUCUCACUCGGGCCCUGGUUGAAAUCAGGGAACU,0,................(..(((((((....)))))))..).
neg_64129,chr10,49971606,+,GUGUGCUGUGUCAUUUAUAUCCCUUACUUUAUCCUAGGAAU,0,.....................(((...........)))...
neg_32069,chr11,47328487,+,CCCAGCUGGCAGAGUCUGGACAGAGCCUCUGGUGGCCUCUG,0,.((((((.....)).)))).(((((((......)).)))))
neg_18468,chr5,172771332,-,CUGGCUCGGCGGCGCCUGGCCUGGCAGGGCGGGUGACGUCA,0,.......((((.((((((.(((...))).)))))).)))).
neg_63872,chr10,17603620,-,ACCUACUUCUGUGAUUGUGACUGGGGUCCAAGUGAGUUCAA,0,....((((((..((((........))))..)).))))....
neg_29915,chr10,59831499,-,UCUCCCUGUGCACCUUACUCCAUGUUAACUCAUUCCAUCAG,0,.........................................
neg_14601,chr4,4269464,-,CCCCUGAAUUCCUGCUUGGCCUUCUGUGACACCGUCCCUCA,0,.....(((..((.....))..))).................
neg_116684,chr15,72200842,-,GGUAGAGGGCAAAUGGUAACCUAGCAUGCUGUGGGGGAUAU,0,...............((..((((........))))..))..
neg_37891,chr13,75525720,-,UUCACACCCUGUCUGCAUUUCUGCAGGUCUGUGUGAGUCCA,0,(((((((....((((((....))))))...)))))))....
neg_45541,chr17,8504539,-,UAAAUGGUAAUGGUUAGAAACAGACCAGCCUAUGGGUAGAA,0,.....(((..(((((.......))))))))...........
neg_21107,chr6,56504837,-,CCAGCCAUGGUGGCAUGUGCCUAUAGUCUGAGCUACUUGGA,0,....(((.((((((.((.((.....)).)).))))))))).
neg_67337,chr12,6971836,-,ACCAGGUCUGGACAGUGUAUCAUAGGUGGAUAUUAGAGAGA,0,......(((((...((.((((...)))).)).)))))....
neg_24089,chr7,98201482,+,AUUUUGGAUUUUUGGUUUUCCGAUUUGGGAUGCUCAAGCUG,0,..........((((((.((((.....)))).)).))))...
neg_65686,chr11,59067162,-,GAUAUAAAGCCUACUGUGAUCUUGGCACCACACUACCUUAC,0,........(((............)))...............
neg_47458,chr17,66803040,+,AAGAGAACACUCCUUCCCCACUUUUGGGGUCAGGCUACCAA,0,...........(((.(((((....)))))..))).......
neg_44580,chr16,89807231,-,ACUCCUGAUCUUGUGAUCCUCCCGCCUCGGCCUAGAGCAGA,0,......((((....))))(((..((....))...)))....
neg_51107,chr19,18371519,+,GAGGACUGAGGGUUCUUGCACCCCCAGUGGAGGUAUUCAUA,0,....((((.((((......)))).)))).............
neg_58267,chrX,49251521,+,AGGGAGCAGGUGGGCGUCAACCUCUGAGGCCAGCAGCCACC,0,.((..((..((.(((.(((.....))).))).)).))..))
neg_4653,chr1,70208221,-,GGGAUUUUUUUUCAGAAUUACUCUUUGCCAUUAAACAGAAG,0,((((.....))))..........((((........))))..
neg_62035,chr1,154176495,-,GGUGGUACUAACUCACUGGGCUGGGCAAGGAACUGAGUUUU,0,((((((....)).))))(((((.((.......)).))))).
neg_42133,chr16,2169441,+,UCCUCCAUGUCUGUGGUUCCCAUAAUCACCUGCUAUCCCCA,0,........((..((((((.....))))))..))........
neg_80777,chr20,35118475,-,GAAGGGACCUUGGAGAUAUACAUAAUGCUCAUAUUUUACAG,0,...(((....((........)).....)))...........
neg_41390,chr15,75877052,+,GCCUGGUGAUCCGAGCUACUCAGUGGUCUGAGGCAGGAGAA,0,((((.(.((((((((...))).).))))).)))).......
neg_74857,chr17,49298580,-,CACCCCUUCUCACACCUGCACAUCCACCCACACCCUCACCA,0,.........................................
neg_7795,chr1,224957633,+,GUGUGAGGUGUCACAGGACUCACCCAAAGGAAACAACUGUA,0,(.(((((...........))))).)................
neg_22438,chr6,165956224,-,CUAAUAGGGUACCCUGCUCUCCAGGCUCUAGAUUUGCAUAA,0,....(((((...((((.....)))))))))...........
neg_36313,chr12,109906017,+,GCUAAUUUUAUAAACAGUUUCCCAAACAAAAGAUUUGGAUU,0,.....................((((((....).)))))...
neg_52698,chr20,3783143,-,UUUUCCCACCUCACCUGAGGCUGGCACAUCACUUCUGUGUU,0,.....(((((((....)))).)))((((.......))))..
neg_63801,chr10,14554299,-,CCCUUCCUUUAGUAAACCUACUCAUGAUGGGUGUCAUGUUU,0,(((.((....((((....))))...)).)))..........
neg_29794,chr10,32023774,-,UGUCCAGUUGAAGAGACUGUCCUCCCUCCAUUAAAUUGCCU,0,....(((((.....)))))......................
neg_86957,chr5,150444819,-,UUGCCCAGGUUGGUCCCAAACUCCUGGCCUCAGGCGUUCCA,0,..(((.(((((((..........)))))))..)))......
neg_2206,chr1,40375618,+,UUUAAAAAGUAUUUUAGAAUCAAUUUAUGUUGAGUAGGUUA,0,(((((((....))))))).(((((....)))))........
neg_41474,chr15,85739591,+,UAGAAAUUUUUGAAAAAAAUCUUCUGGUUUCUUCCAUUACU,0,(((((..((((....))))..)))))...............
neg_78436,chr2,26199687,-,AAAAAAGAGGCUACCGGGCCCCACAGGUCUAGGUAGGCCUG,0,.......(((((((((((((.....))))).)))).)))).
neg_72128,chr15,92015143,-,CUCUUGCCUGCCCAAGCCCCCAAGGAUGGACCUUGCUCAUC,0,..((((......))))....(((((.....)))))......
neg_2272,chr5,159213237,-,CCAUAGAGUUACUAUAUGACCCAGUAAUUCUACCAAGACAA,0,...((((((((((.........)))))))))).........
neg_92090,chr8,100724781,-,GGAAAGUGUAGCCCAGACGCCAAGAGAGUGUGUGACAAAAG,0,.............((.(((((....).)))).)).......
neg_71364,chr15,60362581,-,UGCAGAGUUCUUUAGGGAUACGGGCUGCAGCUGCCCAGGUG,0,......(((((...)))))..((((.......)))).....
neg_22287,chr6,165827973,+,UUCCAUCCAGGAAGAAAAACCGACUCUUCAUUAACUGCUGG,0,......(((((((((.........)))))........))))
neg_81421,chr20,62795218,+,AUCCGCAGUGACUCGCGUUUCCCUCCCCCUCCCCCGUCCCC,0,...(((........)))........................
neg_50923,chr19,17187867,+,CACAGUUCCCAGGCCUGAGCCAGCAACAGACUUGGGCAUCC,0,.......((((((.(((.........))).)))))).....
neg_98716,chr5,10676212,-,CAUUCCAUCACCCUGUGACCCUAGAGCAGGGGCUUCUGGUA,0,....(((...((((((.........)))))).....)))..
neg_64420,chr10,87065342,-,AGGCGGAAGCAGGUGGAUCACCUGAGAUCAGGAGCUCAUUU,0,.(((.....((((((...)))))).........))).....
neg_4875,chr1,93879053,-,AGGAAAUCCAGUCUUCCCUACUUCUCGCCGCUUCGCAGAGC,0,.((((........))))......(((((......)).))).
neg_23699,chr7,73473812,-,UGUCAGCACGCCUGGCUAAUCUUUUUAUUAUUUGUGGAGGC,0,.(((((.....))))).....(((((((.....))))))).
neg_69647,chr13,35953815,-,UGUAAAGAAAAUAUCCUUGCCUAGGCCCUGCUGAGAAACUG,0,.((((.((.....)).))))((.(((...))).))......
neg_32509,chr11,62516085,-,CCCUCAACAUGAGGGGCUUCCAUUUUCUGUGUUUUGUAAGG,0,((((((...))))))..........................
neg_82004,chr21,18173529,-,CACUGAGCAUUAGAUUUUGACUACAUUUGUCAUUUGGAAUA,0,.................((((.......)))).........
neg_18019,chr5,146171917,-,GCCUGCACUGUACUGGAAUGCCUAUUAAGGUAAGAUCGCUA,0,.((...........))..(((((....))))).........
neg_47998,chr17,78990823,-,CUUCUGGCCUGGGAGUGUGACAUGGGAGUGACAGCUCCACU,0,...........(((((((.((......)).))).))))...
neg_38954,chr14,49832892,-,CAAUGUCAGGUUAGUAUCGGCUCUUCAGAAAAGUUGAGGAA,0,....(((.(((....))))))(((((((.....))))))).
neg_3224,chr1,21684138,-,AUCCCACUAGUGGUAUUUAUCCAAAGGAAAAGAAAUCAGUG,0,....((((.((....(((.(((...))))))...)).))))
neg_34835,chr12,27751226,+,UUCAGUACAGGAUAGGAAGCCAGGCCUUUUACAGAAUGUAG,0,(((.(((.(((...((...))...)))..))).))).....
neg_57859,chrX,19349335,+,GCAGAGUGCUGGUAGCAUCCCGUAAUUUUGCAAAUGAUGCU,0,(((((((((.((......)).)).)))))))..........
neg_1566,chr15,69449120,+,AGUGUGAUAUCAGUCCUUGCCAAAAGCCAACUCAAAAGUUA,0,...........(((.(((.....)))...))).........
neg_37504,chr13,21148479,+,AGCCAAUUGAAAAUGUAUAUCCCAAAAUUUAAAAAAAAAAG,0,.........................................
neg_13800,chr3,160416000,+,GAAGGAUGACAGACCUGAGGCCCUGCCAGAGACAGUUUUCC,0,...(((.(((....((..(((...)))..))...))).)))
neg_92971,chr9,35059056,-,ACCCAUCAGCCAUGGUGAGUCUGCAUCCUUUCCCCAGAUGU,0,...(((((....))))).....(((((.........)))))
neg_60233,chr1,23305678,-,AUUGCUAAAGAUUAAAAUCCCUCAUCUUAUAGUUUGUAGGG,0,..................((((((..........)).))))
neg_12262,chr3,47911829,-,UUUAUAUCCUUCUGAAGAAGCCCCCAAAACUGCAAUAAGUU,0,........((((....)))).......((((......))))
neg_51477,chr19,38623019,+,UGUGCAAUUUUUGUAGUUAACGCAAUUAUUACAGGGUCCUG,0,........(((((((((..........))))))))).....
neg_21914,chr6,143856694,+,CUAACAGUCAGACCCCUCUGCUGUAGGUCUGCUGGAGUUUG,0,....(((.((((((...........))))))))).......
neg_44707,chr17,1002106,+,UGUCGUGUUUUCGACUUGACCUUGUGGUAUUUUUCUUGGCC,0,.((((......))))...(((....))).............
neg_32685,chr11,62710766,-,AACAGAAUGGGGGUAGGGUCCCACUCCAGGAGGGCAAACUU,0,....((.(((((......))))).))...(((......)))
neg_5026,chr1,110344554,+,UUGAAACAAUGGCUUGAUACCAUUUCUAAAUGUAUGUAUUA,0,.......(((((.......))))).................
neg_5064,chr1,111449073,+,CCGGACCGGUACCGCGCAGCCUCCAACUGCCGUUCCAUGCA,0,..(((.(((((................))))).))).....
neg_83811,chr3,129166375,-,ACAACAGUUUUUUUGAAUGUCCUCUAUUUACUGGUUUUCUU,0,....((((......((......)).....))))........
neg_58938,chrX,108736612,-,GUGGCUCCGCCUCCCGAGCCCGCCGUCUCCUCCCUUGCUCA,0,(.(((((........))))))....................
neg_22902,chr7,6029091,-,CAAACACUUAAAAACAUUUACAAGAUAUUACUAUUUGUUUU,0,..........((((((..((...........))..))))))
neg_75730,chr17,82722513,+,UGAGAGGUGCCCGCAGGCUGCCUGUCCUGUGUGUGUCCUCU,0,..((((((((.(((((((.....).)))))).))).)))))
neg_42867,chr16,29815093,+,CUCUCAACCCUCAGUCCUCUCUUCCUUCCCUUCUUUAUCAU,0,.........................................
neg_54289,chr20,59167563,+,UCUCCUGUGCUUUUUUUCCCCUAAGCUUUUACAGUUUUAUA,0,....((((((((..........))))....)))).......
neg_82458,chr22,35419256,+,CUCCCUCUGGGUCUCAGUCUCCACAUCCUUAGGAUGGUUGA,0,..(((...)))............(((((...))))).....
neg_43031,chr16,30964803,+,UCCUCGUCAUCCUCUUCCUCCUCGUCCUCUCAGUUUCGUAG,0,.........................................
neg_19279,chr6,4891590,+,UUACUAUUUUAUUGAGGUUGCAGAAGAGAUCAUUUUAUCAU,0,...............((((........))))..........
neg_10394,chr2,181922241,+,GAACAGGCUCUGUGCAGACACCUCCAGAUUUGGAAAGUUCU,0,((((..((.....)).......((((....))))..)))).
neg_50550,chr19,12699837,-,CUGGGGCCUGCUCCAUCCAUCCCUCCUGGGCGCCAGACCCU,0,((((.((((..................)))).)))).....
neg_93795,chr9,136459229,-,UUCCUCUACAGUUUGCCAUUCUUAAAGUUCGCAACCAACGA,0,..........(.((((..............)))).).....
neg_73033,chr16,57802354,-,AGGCCGGUGAGUGGGGGGCCCGGGCGGGCUGGGUGCGAGCG,0,...((........))(.((((((.....)))))).).....
neg_20646,chr6,33691600,+,GACCUCCUGAUGAUCUCAUCCAUAUCCCCUCCAGCCAGCCC,0,........((((....)))).....................
neg_103631,chr8,100721193,-,ACCCGCGCUGCCGGCAGCCACACGCCCGGCUACUUCCUCCU,0,.........(((((..((.....)))))))...........
neg_35610,chr12,57160669,+,GGAGCAGGGACCUUGGCUGCCUUGGUCUCCACUGCAUCCAU,0,((((((((((((..((...))..)))))...)))).)))..
neg_86368,chr5,98906051,-,GUAAUACCUCCAUCUGGUGGCAUUUUAGAAAAUUACAGAAG,0,......((.((....)).)).....................
neg_36707,chr12,120563105,+,UUACUAAGUGGCUGCCGUUCCUCAAAUGCUGUCAUUGAGCU,0,...((.((((((.((.(((.....))))).)))))).))..
neg_28211,chr9,128310661,-,AAAGCUCUCCUAUCUCUUGCCAAGUCACCCUUGGAAGCCAG,0,...............(((.(((((.....))))))))....
neg_31330,chr11,3160106,-,AAAUUUAGCAAAAUUCAAGCCAGAGCCAGCAGGCACCAGGG,0,...................((...(((....)))....)).
neg_93100,chr9,35687606,-,GCUCUUGUCACUCUAGGUGGCCAAGCUCCAGGUGCCUUCAG,0,(((...((((((...))))))..)))...............
neg_100065,chr12,2808637,+,GUCCAUAUGGCUUGACAAUGCCUAGUCAUACAAAACACUCA,0,.....(((((((...........)))))))...........
neg_14857,chr4,41608616,+,UAAAGGUGACCCAGGUAGAGCCCUUGGCAUAAAGUCUGGCA,0,.....(((.((.(((......))).)))))...........
neg_19523,chr6,7900848,-,AGCAGGUUAUUAGGGUGGAGCUCUCAUGAAUAGGGUUGCAU,0,..............(((.((((((.......)))))).)))
neg_62260,chr1,156624370,+,GUGUGGUGUUUCCGUACCAACCCAGCCGGGGCCGGUACCAG,0,....((.....))(((((..(((....)))...)))))...
neg_9959,chr2,96347266,+,AUGUCUCAAUUGGAGCAGUGCCCCUCAGCCUGUUUUUUUUU,0,...........(((((((.((......))))))))).....
neg_13699,chr3,141428481,+,UUGAAUCCUGUGAGUACAUACUAGUAUUUGCAUUUUUUUUU,0,........(((((((((......))))))))).........
neg_90067,chr7,32670010,-,AUACUUACAUACCCAUGACACAGAUUAAAAAAAUAAAUAAA,0,.........................................
neg_9229,chr2,42320449,+,ACUUAACCUAUCUAUGCAUCCUAACCAUCUCACCUACUAAG,0,.........................................
neg_1286,chr1,205103382,-,UCUUCUGUGGAAUAAGAAGUCAGGUUAGGUGACCUUUUAAA,0,.(((((........)))))..(((((....)))))......
neg_12108,chr3,45442630,+,CCCAGACUUGACAUGUCUCUCCCCUGGUUGGUCUCCGAGUU,0,....((((((....(.((..((...))..)).)..))))))
neg_54322,chr20,59208615,+,GUGUGUGUGUGGGUGACUUCCAGAGGCAUGGGAACUCCAAG,0,..((((.(.((((.....)))).).)))).((....))...
neg_19012,chr5,181190670,+,GUCACCCCUCCGGUCUCUACCCAGGUGGCCCCGAGCGAUUU,0,((((((.....(((....)))..))))))............
neg_12607,chr3,49528035,+,ACCAAAAACCGGGGUCCACACCCUAAUUCACCUACUCUCCA,0,..........(((((....))))).................
neg_24545,chr7,116700762,+,AUUAUAUUCUCUCACUGAUACACAACUGAUUAAUCUAUAUU,0,.........................................
neg_113146,chr2,215387988,-,CAAAUUAAGAAAUUUGUUGUCUGUCCUUUUAAAAAACAUUU,0,((((((....)))))).........................
neg_30528,chr10,100924698,+,UUGGAAGUUGUGCCAUGUAUCCCAAGCCCUGCAGCACCUUC,0,...((((..((((..((((..........))))))))))))
neg_25532,chr8,25248259,+,AGAGUUCUUGGCUUGAUUCUCAAAUUCCUUUAUUAUUUAAG,0,.(((.((.......))..)))....................
neg_61198,chr1,55078220,-,UCACCAGUCAUCCUUGCUCACGCUACCCCAGGGACCAACAC,0,..........((((((............)))))).......
neg_74599,chr17,41867794,-,AUGUAACAGAGCCAGGAACCCUACUGCAGUAAACUGAAGAC,0,......(((.(((((........)))..))...))).....
neg_75322,chr17,76075215,+,AUCUUCCUCACCAUGCACGCCAGCAGCUUCACGCUGGCCGC,0,..................((((((........))))))...
neg_78482,chr2,26938899,+,CUGGCCCCGCAAAGCCAUUUCCUCUUGAGGCCCUGACCUGG,0,.((((........))))..........(((......)))..
neg_38617,chr14,24221575,-,UAAAAAUUUGUAUUAUCGGCCAGGCACGGUGGCUCAUGCCU,0,..............((((((...)).))))(((....))).
neg_22436,chr6,165955516,-,AACAGCAGAAUGGUAGCAGGCAGACGGUGGAGGUAGACGCU,0,.......(..((....))..)....((((........))))
neg_28976,chr9,135853838,-,GACCUCAUAGGCUGUUGACCCCACCUGUGGCAGGUGCAGUU,0,.((((((((((.((.......))))))))..))))......
neg_75887,chr18,25244870,+,CAUAGCUGCAUUCUGUGGCCCUGUUCUACCAACCUUAUAUA,0,....((((((...))))))......................
neg_31695,chr11,17169949,-,GUGUUAAGUGUUCCUUCACCCAGAUUUUAUCUGUUUUAUUU,0,.......(((......))).(((((...)))))........
neg_43948,chr16,79211857,+,GUGUCCCCUCACGCAAGUGCCAGGGCUGGGCCCCUUCCAAA,0,..((((...(((....)))...))))((((.....))))..
neg_34272,chr12,1592705,-,UCCUCCUCCCUCCUCCAGCCCCCUCCCGGCUUCCAGCCCAU,0,................((((.......))))..........
neg_7132,chr1,202334589,-,AUUUCUCCCCGCUCUCAGCCCCUGGCAACCACUAUUGUGCU,0,.................(((...)))...(((....)))..
neg_75096,chr17,61591926,-,UCUAUACAGUUAUAGGCUUACCAAGAAUCAGUUGUGUUUAU,0,.(((((....)))))..........................
neg_50522,chr19,12675388,-,CGACCUUCAGCCACCUGCCUCUAAUUGCCUCCUAGACACUG,0,...................((((.........)))).....
neg_44954,chr17,2300591,-,AGAUCUGGAAAUCUAUAAGCCUGGCCUUUCUCGGCUAAGGA,0,((((......)))).....(((((((......)))).))).
neg_7976,chr1,228098619,+,AUCCCCGCAACUCGCUUGUCCUUGGGUCACCCUGCAUUCCA,0,...((((..((......))...))))...............
neg_33809,chr11,117182683,+,CUGCUAAAGAGAGGGGCAGGCCAGGUUCCCAUCCAUCUGCC,0,..............((((((...((.......)).))))))
neg_68238,chr12,54232003,-,AGACUGUCUCAGGAUCAAAGCAACCCUCAAUGGUUUUGAUU,0,...(((...)))(((((((((...........)))))))))
neg_57888,chrX,21881396,+,AAUGCACAAGAAAGAUCGAGCUGGUUUCAACUACUAAGAUA,0,..............(((.((.((((....))))))..))).
neg_119304,chr2,170719816,+,GAGAUAUUGGAGAUAGAUAACUGUGGUUAUUAGAGAAAAAC,0,...............((((((....))))))..........
neg_53548,chr20,44619620,-,CCCUGGCCAGGGACCAGCGCCCUUGCACAUGGGCAUGGUUG,0,((((....))))((((..((((........)))).))))..
neg_9290,chr2,47795410,+,UGAGUCAAGUGUCCAGCCAACAAGUUAUUUUAUGUGUGUGU,0,.........................................
neg_73027,chr16,57798675,-,GUUAAGCAUGUGGUUAAGUGCAAUUAGAAAAUUAGAUGUCU,0,.....((((.(((((..............))))).))))..
neg_20565,chr6,32970991,+,CGUGGGGAGGACUCCGGACCCUGGUGGGGGGGCGGGGGGGU,0,...........(((((..((((....))))..)))))....
neg_89651,chr7,5528482,-,ACCGAGCGCGGCUACAGCUUCACCACCACGGCCGAGCGGGA,0,.((..((.(((((................))))).)).)).
neg_33400,chr11,74030493,-,UUUCAGGACGUCGUGGUCAGCACUGACGCUGCACACAGGUC,0,......(((.(.(((..((((......))))..)))).)))
neg_70288,chr14,30607361,+,CGCAAACCUAGUUGGUGUAGCCUACUACACACCAAGGCUCU,0,......(((.....((((((....))))))....)))....
neg_105763,chr11,119020058,-,UUGCUGAGGAGUUCACAUUACAGCCUGGGACAGUCAGGAGA,0,((.((((...((((.((........))))))..)))).)).
neg_93716,chr9,133349946,+,AGCUGGCCCACAAGUACAGACCAGAGACAAAGCAAGAGAAG,0,..((((..............)))).................
neg_12699,chr3,50121423,+,UCUUACUGAACUAGAAGGAGCCUCCAAGGAUUCCCAAGUCC,0,................(((((((...))).)))).......
neg_83539,chr3,54387067,+,ACAAUAAUCACCAGAUCUCUCAAUGGUGAAUUGAUAAGAUA,0,.((((..((((((..........))))))))))........
neg_14694,chr4,6711794,-,UUGAGUGUAUAACAAGGUGUCAGUUUGCUAGAACAUAGGAU,0,....((((.((.((((.......)))).))..)))).....
neg_39419,chr14,70022439,+,AGCAUUUCUCAGCAGAAUCACCUGGCAGUGCUGGUGAAUAC,0,.((........))....(((((.(((...))))))))....
neg_18184,chr5,150386382,+,GCCUUCUCCCACUUUCCAUCCUUCUCUUUUUUAUAUCGUGG,0,........((((.........................))))
neg_32485,chr11,62131000,+,CUGGGCCUCUUCCGCAGGGCCAGCUCAUUCCUCCCAACCCU,0,((((.((((....).))).))))..................
neg_113131,chr2,215365508,-,AAAGGAGAAUUCAAGUGUGACCCUCGUAUGUCAUCACAGAU,0,..............(((((((........)))).)))....
neg_117006,chr1,173485413,+,GAAAAGUUACCUUUUCCCAUCAUCGAUGAUAGGAAUCGGGA,0,.........((..((((.((((....)))).))))..))..
neg_21315,chr6,82169572,-,UUUCUCCCCUAACAAAAUAACAUUAUUCUGCUACAGUAUUC,0,.........................................
neg_55743,chr21,46431321,+,CCAGGACUCAACACCAUUUCCGAAAAAAGUAUGUCAUCUCC,0,...(((....(((...(((......)))...)))....)))
neg_87822,chr6,20534743,+,UUGGGAGGCAGAUGGGGCUUCCAGGAGCGAGGAUAGGGUCG,0,(((((((.(......).)))))))((.(........).)).
neg_58747,chrX,77695078,-,GAAGAAAUCUAGGGAGAAUUCAGUUUUUUUUUUUUUUUGUC,0,(((((((...(((((((((...))))))))))))))))...
neg_45549,chr17,8506899,-,GGAUGGCAGUUUUCUUGGUUCAGAACAGGGGUUCCCAUGGA,0,..((((.....((((((........))))))...))))...
neg_45935,chr17,28610289,-,CAGCCACAGCUGGCCCUAUUCCUUCCCUAUCAUACAACCUA,0,..((((....))))...........................
neg_12308,chr3,48458847,+,CCCACUUACAUUUUUGGCAUCUAGCAGCUAAAGGGGCAGUG,0,..((((..(.((((((((........)))))))))..))))
neg_37644,chr13,32532300,-,AACAGUGGGAUCUUUCUUACCCCCUAAUAAAUGAAAAGUGA,0,....((((((....)))))).....................
neg_93718,chr9,133346760,+,CCCCAGCCACCCUCUAUGCCCCAACCUUAGCAGAACACGCA,0,.....((....(((((...........))).)).....)).
neg_64025,chr10,37602532,-,AGACCCUAGGAAACAACCUUCCUACAGAAAAUAAAAAAUAU,0,......((((((......)))))).................
neg_36153,chr12,104996010,+,AACUAGCUUAUCUUUAUUUUCUUCAUCUAUUCCAAGGUUGG,0,..(((((((.........................)))))))
neg_42538,chr16,11548333,-,UGUUGUAAAACAUGAGAAGACAUGAUUUCUAGGACUCAAGC,0,.(((.(((((((((......)))).))).)).)))......
neg_29972,chr10,67841908,-,UUUUCUCCUGGGCCUCUAGGCCUGUGAUGAGAGGGGCUGCC,0,(((((((.((((((....)))))).)).)))))........
neg_10704,chr2,210653727,+,AAAGAAGCCAUAUUCUGCUUCCUCCUUAGUCCCCUCUUUUC,0,...(((((........)))))....................
neg_55655,chr21,46229825,-,ACAGUCAGACGCCCCCUGCCCUGUUGCGCCCGGCUGUCCCU,0,((((((.(.(((...(......)..))).).))))))....
neg_48525,chr17,82458652,+,GGGGUGCGGCUUGUCCUCUCCCGGUGCUCUCAUUGGCCGAG,0,((((.((.....))))))..((((((....)))))).....
neg_64720,chr10,102359220,+,GGGGAGUAAGUUCCAAGUUGCUCUUGCCUCAUCCCUCUUCC,0,(((((...((...((((.....)))).))..))))).....
neg_62299,chr1,156746311,-,AUUCAGUAAAUAAUUAUAUACCUACUGUAUGCUAAGCACCG,0,...(((((..((......))..)))))..(((...)))...
neg_36464,chr12,113186367,+,CCCCCACCCCCAUCAGUACACAUAGGAAAGUGCCUGUCUCC,0,.....................(((((......)))))....
neg_59421,chrX,150485057,+,UCUGCUAAACUGAUCAAAUGCUCCACGUACAUUUGUCCCAG,0,.........(((..((((((.........))))))...)))
neg_30212,chr10,77842017,-,CUGUGUACAGCGAGUACAAGCUCAUCAUGAGUGAGCGUGAC,0,...(((((.....))))).((((((.....)))))).....
neg_38191,chr13,110898091,-,GAGUCUUUUGUUUUACACCCCUCUCAAGUUUACCUUUAGAU,0,(((.....(((...))).....)))................
neg_5989,chr1,155358232,-,AAGUUUUCCUAAAAUUUAAUCCAUCAUUUCUAUUCCAGUGG,0,....................((((.............))))
neg_93438,chr9,126885050,+,AAACUAUCUAGUUCAUAAAUCAUAGAUUUCAUAUUACUCAG,0,.....(((((............)))))..............
neg_3048,chr1,19096268,-,UGUCUUUCCCCAAAUAGCUGCACUUGUGUUAACUAUUAUCA,0,............(((((..(((....)))...)))))....
neg_58843,chrX,100825792,+,CUGCUCUAAAUAAAUAAAUACAUUUUCAGAGAUAGAAAAAA,0,(((((((....((((......))))..)))).)))......
neg_11545,chr3,9753993,+,CAAAAAAUAAACAAAAUUAGCCAGGCAUGGUGACACAAGCC,0,.......................(((.((......)).)))
neg_35820,chr12,76395427,-,GACCUAAUAACUUUAAAGAACCCUUUGAAAACAACUUAAAA,0,...........(((((((....)))))))............
neg_50329,chr19,10999339,+,UAGAUGUAUGUACACAUACUCAUCUGCAUUGCUGUUUGUAU,0,..((.(((((....)))))))...((((........)))).
neg_73105,chr16,68356686,+,GACUACUUCUGCUGGGCCCCCCUCUCCUUGACAGGCCCGGG,0,...........(((((((....((.....))..))))))).
neg_84446,chr4,1833838,-,GUGUGCUGCAUAGGGCCGCCCCCAGGAGCACACCUGAAAUU,0,(((((((.(...(((.....))).).)))))))........
neg_39676,chr14,75654603,-,CCACUUCUUUAUGAAAGAAUCAGCCCUUCUUCUACUAAAGA,0,.....((((((((.(((((.......))))).)).))))))
neg_85331,chr4,143520614,+,GUCUUUUUGUAAUUUAUUCCCAAACUGACAUUUUAAACAUU,0,(((..((((...........))))..)))............
neg_48041,chr17,79944728,-,CUUCAGACCUUACAGCUCGCCUCCCCAGUCACUGAAAUCGA,0,.(((((.........................))))).....
neg_17072,chr5,96791258,-,CUGUCAUGUGCCACUGGAGGCAUUUGAGUUUGUGACUCACC,0,.......(((((......))))).((((((...))))))..
neg_51031,chr19,17940280,+,UGUGGGUCAGAAAGCAUGUACCUCUGAGCACACCUGUAUUG,0,.((((.(((((...........))))).).)))........
neg_9227,chr2,42318275,+,CUCUUUACCACAAAACAGUUCAUUUUAGGGAAACAGAUAAA,0,((.(((.((..((((.......))))..))))).)).....
neg_103208,chr3,49026045,+,GGGGCUGUGGGACUUUAUGUCUGGAGGGAUCUUGGGAGCCA,0,..((((.(.(((((((........)))).)))..).)))).
neg_93143,chr9,38141966,-,ACCAACCCCUGGACUUUCCACUAACAAGAGCCAAUAAAUUG,0,.........(((.((((.........)))))))........
neg_19544,chr6,8429236,-,GCUAGGAGCAGAUUUCUGACCUUCAAAGACAUGGGCUGGAU,0,.((((...((..(((.(((...))).)))..))..))))..
neg_6745,chr1,171783506,+,UUUGUUUCUGCAACACAAAGCCCAUUCUCAUAUAACCUGUA,0,.((((....))))............................
neg_40134,chr14,103337042,+,UUCUUUGCAUGUGAAGCUGUCUGUGGUUUAGAUGUCCUCUG,0,......((((.((((.(.......).)))).))))......
neg_26746,chr8,144723684,-,UCAGAGACUAUAUUUACCUUCCUGUAUAUUCCUUACCUAGA,0,..((.((.(((((..........))))).))))........
neg_57206,chr22,45669765,+,UAAGGAAGCAAGAGCAGAGGCCAAAAGACCAAUCAGGAAUA,0,.......((....))...((........))...........
neg_8052,chr1,228217704,+,GCCAGCACCAUUGAACUUACCUUUCCUAAAAUUGCCGUACU,0,.........................................
neg_14436,chr4,1935891,+,AACAAAAAAACCCCCAAACACCAUAACCUCUCUAUAGGGCU,0,..........................(((......)))...
neg_34833,chr12,27758176,+,AAAUGCUAGGGGAUACUUUGCUAUAUUAAUGCAGUCAUUUC,0,....((.((((....))))))....................
neg_78068,chr19,53439580,+,AGAUAACAAAAGAAAGAAAGCAUCCUUUAAGUCUAAGACUG,0,............((((........)))).((((...)))).
neg_37440,chr12,132782101,-,UGUUGGUGCAGGGCUGGGCUCUCCGAGGGGAGGAACAGGCU,0,(((....)))((.(((..(.((((....)))))..))).))
neg_30347,chr10,92973127,+,AGGCAAGUCCUGAUUCAGGUCAAAUAAAGACAUCCCUGUAA,0,......(.((((...)))).)....................
neg_51509,chr19,38713801,+,GAAAGGUACCUGGUCUCUCUCUCCCCGUGUGCACCCCCUGC,0,.....((((.(((...........))).)))).........
neg_55418,chr21,43063628,-,UCGGAGUUCCAACUGGGGGCCUCUGAGGAUCAGCCAGGAGC,0,((((((((((.....)))).))))))((.....))......
neg_37667,chr13,34941741,+,ACACUCCGUCUGUAUUCUUCCCCCGACAAUGCAGGAUCGCC,0,........((((((((..((....)).))))))))......
neg_72793,chr16,31185815,+,UGUCUGCCUUCCCCUGGUUACUUAAAAUUCAUCAGCUUGUC,0,.((..(((.......))).))....................
neg_88985,chr6,97882109,-,GGUGUCUUGUAUCAAUGUGGCUAAAAUUUUCGAGCUAAGUU,0,.................(((((..........)))))....
neg_37283,chr12,132584888,+,UUUUCUUCCGCCUGAGGCAUCAGCGUCACCUCGGUGUGGUC,0,.......((((((((((...........)))))).))))..
neg_45633,chr17,16070480,-,AACUCAGGUCAAUCUGCCAUCAAACACAAUGUCAAAUCCUU,0,......(((......))).......................
neg_46588,chr17,43200371,+,GAGUGCUUUGAUACCAGCCGCCCCCUGGGGGAUUCUAUGUA,0,..(.(((........)))).((((...))))..........
neg_58696,chrX,73979253,+,GCGCCCAGGCUUUAAUAUUCCAUUUUAAUUAUCUUUAUUUA,0,((......))...............................
neg_43035,chr16,30969076,+,GUGGUCAUGCCACUGCACCCCAGCCUGAGUGACAGAGCAAG,0,(((((...))))).........(((((.....))).))...
neg_34267,chr12,1593760,-,AACCUCAGCGGCUGCUACAACCUCACCGACAACGGGCUGGG,0,...((((((((.((...)).))...(((....)))))))))
neg_73199,chr16,70253403,-,UCCCUGCUCCAGCACCGUGGCCUGAGCCAGGUCCUCCCCAC,0,..(((((((..((......))..))).))))..........
neg_5684,chr1,151696990,+,UAUUUUGUUAUGCUGGCAGCCAUUUGCCCCUGCAUGGUAUG,0,.......((((((.(((((....)))))...))))))....
neg_23043,chr7,23454522,-,ACUUCUUGGAUUAUCUGGUACUAAAGUGAUAUUGUCUCACU,0,........................(((((.......)))))
neg_41366,chr15,74901559,-,CACCAGUGUAGAGGGCCUCCCUUCACUCCAGCAUGGACCAU,0,....((((..(((((...)))))))))(((...))).....
neg_88493,chr6,49841931,-,ACAAUCACACUUACUGAAAACAUCUCCUUUUGAACCACUUA,0,.........................................
neg_91039,chr7,134935457,+,UAAACACACGAGGAGUGCCACAUCAUGCUAGAUUUCAGUGA,0,......(((..(((((((........))...))))).))).
neg_17620,chr5,138418755,+,UUCAAGCCUUGUUCACUGAUCUUUCCACAGAAGCUAGCCUG,0,....((.((.(((..(((.........))).))).)).)).
neg_48445,chr17,82153155,-,CUGCCUUGGCCUCUCCCACACCCAAGAGCCCAUUCCUGUCU,0,..(((((((............))))).))............
neg_28786,chr9,134142086,+,GGGAGACCGGCUGCAGGGCACGGGGCAGGUGCGGGGGACUG,0,...((.((..(((((..((.....))...))))).)).)).
neg_37426,chr12,132791382,-,AACAUUUGUGCAGAUGUGUUCCCCUCCUGGAGGCUUCAGUG,0,.((((((....)))))).....((((...))))........
neg_9831,chr2,85647958,+,AAAUGGUAUGAAUUACAAGACCUCCAGGUGACUGACAUCCU,0,....(((.((.....))..)))..(((....))).......
neg_7455,chr1,212333829,+,AAGUGUACAAUUCAGUGGCACAAAGUACAUUCGCCAUGUUA,0,..............(((((.............)))))....
neg_313,chr21,8206821,+,UGCGGUGCUCCUGGAGCGCUCCGGGUUGUCCCUCAGGUGCC,0,((.((.((.((((((....))))))..)).)).))......
neg_52486,chr19,58230477,+,GGCAGGUAAUGGAGCCAGUACUUUGACAGCAGGUUGCAAAG,0,(((..........)))....(((((.((......)))))))
neg_93272,chr9,94459491,+,CCCCUGGUGACUUCAUGGUGCUGGAUGGGAGACGCUAGCGG,0,.((((((((.((((((........)).)))).)))))).))
neg_3596,chr1,28753179,+,AGCCACUGAGUCUCUAACCCCGAAGCUCAUGGACUACUCCA,0,(((((.(((((.((.......)).)))))))).))......
neg_48662,chr18,11854361,+,UUUUCAAAAGCACUACAGGCCCAUGAAUUACUUCCUCACUU,0,..((((...((.......))...))))..............
neg_103210,chr3,49027050,+,UCCCUCUUUGUCAUUAUCUACGUGGGAGGUGAGAUGUGAAG,0,(((((((((((........))).)))))).)).........
neg_56358,chr22,35270107,+,CCCAGUCCCCAGACCACAGACCAGUAGCCGUCCGCGGCCUG,0,.........(((.((.(.(((........))).).)).)))
neg_51413,chr19,35276647,+,CCCUGAAAUGGUUUUCAGGCCACCAUUUCUGGGAUCUUCCC,0,(((.((((((((.........)))))))).)))........
neg_8532,chr1,246440417,-,AGUGGGUGUGACGAUAUCUUCCUCACAGGCUGUUUGUGAGG,0,...((((((....)))))).((((((((.....))))))))
neg_58187,chrX,48922252,-,CAGGUGUUGACAAGAUCCGCCAUCUGUAAUGUCCUUGGCAC,0,((((((.((........)).))))))...((((...)))).
neg_20774,chr6,36209788,+,ACCCCACCUUCCCCACAGGUCAAAGUCCAGCAGGCUGCCAU,0,.................(((...((((.....)))))))..
neg_29768,chr10,31525186,+,CAUUUACAUUUUGUCUAUGUCAGCUUUCAUGCUGUUCUACA,0,(((..(((...)))..))).((((......)))).......
neg_48602,chr18,2654115,+,AGAUGAUCCUGAAAUCUCUUCUAAAGACAUGAAAGAGGUGU,0,.............((((((((.........).)))))))..
neg_95364,chrX,154365875,-,GGGCACAUGCUGUUUUUCCUCCCCUGCUGGGGCCCUUCCUC,0,((((.(..((...............))..).))))......
neg_87635,chr6,2774381,+,GAAUCAAGGUAUCAACAAGGCGAUGCUCUCAUCCAGCAUCU,0,.....................((((((.......)))))).
neg_23201,chr7,30507899,-,CUGUGUUGUAAAAAUGUAACCAGCAGUAGGCCAGGCGCGGU,0,(((((((.......(((.....)))........))))))).
neg_23399,chr7,44686467,+,UGGAAUUUUUGUCUUAUGUUCAUGAGGGGUAUUGAUCUUUU,0,.(((.....(.((((((....)))))).)......)))...
neg_28497,chr9,130445870,+,GUCUCAGGGCAGGAACAGACCUGUUCUCUCCCCAGGGGUAG,0,.((((.(((.(((((((....))))).)).))).))))...
neg_29744,chr10,29725883,-,GGUGAGGAGUUAGCCCUAGCCCCACUCUCUCCUAUAAAGGA,0,((((.((.((((....))))))))))...((((....))))
neg_108735,chr2,216210060,+,UCUAGUUUGUUGGAUAAAUACGUUGAUGAACUACUUCAGGG,0,..(((((((((((.........)))))))))))........
neg_86970,chr5,150442506,-,ACUUAAAAUUAUUCCAAAGUCAAAUUAUUAGGGAAAAAAAA,0,...........((((..(((......)))..))))......
neg_34066,chr11,130125201,+,UUCAUGAGUGGGUGAUUCCACAGGGACCGAGGGUGUCUUCA,0,.......(((((....)))))(((.(((...))).)))...
neg_119476,chr16,28593831,-,UGGUGGUGGUGGGAACAUGCCUGGUGGAGCAUGCCUUGCUC,0,.......((((((..(((((((...)).))))).)))))).
neg_88506,chr6,52108837,+,AAUAAAUGCGUGAUUUUCUACAACUGACUUGGGAUAAAACA,0,.........((....(((((.........)))))....)).
neg_11801,chr3,30687796,+,UAUACUGUCUCUGAAUAUACCUGUACAAGGUACUUCAUACA,0,...........((((..(((((.....))))).))))....
neg_41909,chr16,789739,+,GUGGCUGUGGCCUUCCUGCACGGUGGGUGGGCCAGUGCUGC,0,(((((..((((((.(((((...))))).))))))..)))))
neg_46579,chr17,43203401,+,UUGAUAUCCUUGUGUGUCCUCGAUCACAUUAAUUUUCAGCU,0,((((.......(((((........)))))......))))..
neg_77497,chr19,38565890,+,GCUAGGGGGAUGGGCACACGCACCCACGGAGGACGCACCCA,0,......(((.((.(..(.((......))..)..).))))).
neg_113140,chr2,215363241,-,AUCUUCUCAUUAUUUAUGCACAUGAAACCUUUCAUGUGCGA,0,.................(((((((((....)))))))))..
neg_55766,chr21,46568864,+,AGCAGGGAACAGCAUUGCCCCGUAUUGAAGGUGGAGAUGGU,0,............((((.((((........)).)).))))..
neg_43034,chr16,30965601,+,CCCUCUUCUGCCCCCGCAGGCUUCUCCAUGCUCUUCUGGAG,0,......(((((....)))))...(((((........)))))
neg_1625,chr15,90625330,+,AUGGCAACAUCUCUUUGUCACUUUAAAGUUUAUGAAGACUG,0,.((((((.......))))))......(((((....))))).
neg_23108,chr7,26196638,-,GUGCAGAAAUACCAUACCAUCAAUGGUCAUAAUGCAGAAGU,0,.((((.....(((((.......))))).....)))).....
neg_17170,chr5,107878192,-,UUGCCUUUGUGCUUUUUCCUCACCUAAAUUUAAAAUUAAGA,0,.........................................
neg_62993,chr1,216071434,+,AUUAGUUCGGAAAUGUGGUACAGGGCAAAGUACAGUACAGU,0,.............((((((((........))))..))))..
neg_34569,chr12,10709909,-,UACCCCAUCCCAACAGAAUACAGGUAAAAUUGCAACUGAGA,0,....................(((............)))...
neg_90891,chr7,127586560,+,CAGGCAGGUGGAAAAAAAUGCAAAGACCUGUAGGGUAUCGG,0,...((((((................))))))..........
neg_15666,chr5,362038,+,UCAUAUGUUGAAGCCCUAGCCCCUAGUUUGGCUGUAUUUGG,0,(((.....)))((((((((...))))...))))........
neg_53792,chr20,51610741,-,CUCUUUUUCUGUAUGUGUUUCCAUACCUACGGCACUUUGGU,0,........(((((.((((....)))).))))).........
neg_30353,chr10,92971752,+,AGUUCUUUAGAUAUGGUUUCCUUUUGUUCUUAAGUUUUUGU,0,....(((.(((................))).))).......
neg_112294,chr11,62567544,-,UUCCACUGACUUUGUUUACACCCUUAUGUCCUGGCAGGUUC,0,.......(((((.(((.(((......)))...)))))))).
neg_68628,chr12,64450505,+,UUUCAGAGCUCUUUAAAGCUCUGCAGAAGAUUUACAUGUGU,0,((((((((((......))))))).)))..............
neg_28121,chr9,127692319,+,CUCAAGGCUUUGAAAUCUCCCCUUGCACUGAGAUUAGUCGU,0,.....((((....((((((..........))))))))))..
neg_7562,chr1,214642538,+,CAUUGUCAGACAAAGAAGUUCAAAUGCACUUUGCCGAAUUG,0,.....((.(.(((((..((......)).)))))).))....
neg_55485,chr21,43445183,+,GGCAGGACCCCAGAGCCCCGCACAGGAGGGGGGGCUGUGUG,0,..........((.((((((.(.......).)))))).))..
neg_24499,chr7,105104349,+,AAGAACCUUAAGAGAUAUUCCAAACCCCUUAUAUCAGGGAU,0,.........................((((......))))..
neg_3041,chr1,19083847,-,AUGGGACAGUUAGGUUGGUACCUGGAAGUGUAAUUUUAAAG,0,...(.((..((((((....))))))..)).)..........
neg_37572,chr13,29513435,-,ACAUAAGCUGUCUGGCCUCUCUGUGACAUGAUGAAAUUGAA,0,.(((....((((............))))..)))........
neg_44530,chr16,89582295,+,CAAGUAAACAGUAACUCAGCCCAGAGCCAGGGAUCCAGGAA,0,...................(((.......))).........
neg_38627,chr14,24237516,+,UCAUAGUGCUCCUUACUUUGCAGGAUGGAGGUUGCAGCUGU,0,..(((((((.((((.............))))..))).))))
neg_117013,chr1,173490273,+,CUCUUAAAUAAAUAAAUGCUCUCUGUCCUCUUACAGCAAAU,0,......................((((......)))).....
neg_68978,chr12,104308853,+,UAAAUGGAACUGAAUGAUAGCACUUUCAAUUUUAAGUUUGG,0,....(.(((((((((((........)).))))..))))).)
neg_52806,chr20,31795672,+,CUCAUUCAUUGUGUUUAUUCCUUUCUGUUGAUGCAUUGGUA,0,.....(((.((((((.((........)).)))))).)))..
neg_1407,chr11,72406629,-,AUUAGCCAACCUGCCACUACCAGCUUGAGAGUGCAACACUU,0,......(((.(((.......))).))).(((((...)))))
neg_51940,chr19,48801256,-,AUUCAUUCAUCAAAAACCCACUAUGGGAAAAAAAAAAAAAG,0,................((((...))))..............
neg_60235,chr1,23313562,-,UCAUUUUGAAGACAGAGGAGCAGCUGUUAAGGUAGGAAUUU,0,..........(((((........))))).............
neg_2132,chr9,83969645,-,UCAAUUCCGUUUUCUUAAUUCUGUUCUACUAAUGUCCGAUU,0,.........................................
neg_34844,chr12,27759880,+,ACUGAUAAAAUUUAUGACACCUAAUUUUAUGAAUUAUCACA,0,..(((((..((((((((.........)))))))))))))..
neg_24185,chr7,100094865,-,UAUCAGUUGUAUAUGAAAUACAGGUGAAUUUCAUGUUUAGA,0,..(((.((((((.....)))))).)))..............
neg_55796,chr22,17884831,-,UCUUUGCACGCCAGUCUUUUCAUGCUAUGGCUCACAGAAAA,0,(((.((...((((..............)))).)).)))...
neg_80331,chr2,232463746,+,UUUGAGAUGGUGCCAUUAUACUCCAGCCUGGCCAACAAGAG,0,.......((..((((.............))))...))....
neg_59511,chrX,152650129,+,CUCUCAGGGCUGGCCUUUCACCCUCCAUCUGUUUGUACCUU,0,.....((((.((......)))))).................
neg_43277,chr16,58549458,-,UGCAUGAUUUUAGAACUUUACCACUGUUAUACAUAAGCAGC,0,.......................(((((.......))))).
neg_13262,chr3,122430380,-,AUAAAUCAGUUGAGUUACUACGUGAUAUUUCUGGUCAAGGA,0,....(((((....(((((...)))))....)))))......
neg_64670,chr10,101845218,-,CUUGCCCUCCAUUGUAAAGGCCCUUCUCUUGACCAGUUUAU,0,...(((............)))....................
neg_55883,chr22,20888931,+,GAAGGAUUUUGCUAAGGGGGCAAAAAGCCCAGAUACCAUUU,0,.................((((.....))))...........
neg_55330,chr21,41200816,+,UCUGCAAGCCAAGGGGGAAGCCACCUGCCCACACCUUGAUC,0,.........((((((((.((....)).)))...)))))...
neg_2691,chr1,6592630,-,CCCUGGGAGGUGAUCAUUGACACCCAGCCAAGCAGACAGCU,0,..(((((..((.(....).)).)))))...(((.....)))
neg_73142,chr16,69718095,-,GGGGACAUCGGAAGGGGUGUCAGGGACAUUUGCGUGCUUAU,0,...((((((......))))))(((.((......)).)))..
neg_85432,chr4,173331207,-,CUGGUAGCUGGGGCUACAGCCAUGUGCCACCAAGCCCAGCU,0,((((..((((((((.(((....)))))).)).)))))))..
neg_24101,chr7,98309006,-,AUGCUUGUUGUAUUACUAGCCUGGGAAAAUUUGAAUGGAAA,0,..(((.((......)).))).....................
neg_50643,chr19,12949890,-,CAGAGGAACCUACUUGCACCCAGGGGGCCACUCCCCCACUC,0,......................(((((.....)))))....
neg_57099,chr22,43015618,-,GUUUAAACUAAGCGGGUCCACGUGGAAUGACGCUUUUGGCG,0,.........(((((..(((....)))....)))))......
neg_47540,chr17,68370849,+,CUUUACUUUCAUCCUGUUCCCUUGCUCUUCCUCCUUCCUUU,0,.........................................
neg_30733,chr10,110603396,+,GAAAACUUAGAAAGUCUUUGCUUAUCUGAUGUCUUUGUAAA,0,(((.(((((((((((....)))).))))).)).))).....
neg_5839,chr1,153921958,-,UUACCCUUCCCUAACCACACCGGGACUUAGAGUACUUUUGG,0,.(((.((((((..........))))...)).))).......
neg_18596,chr5,177467606,-,GGUGUCGACGUGAUCGUGAACGCCAGCAGCGUGGAAGACAU,0,(((((..(((....)))..)))))......(((.....)))
neg_52929,chr20,33628889,+,CUCCCUCAGCUGAGGAAUUACAGAGUCACUCCCUAAUCUUU,0,...((((....)))).((((..(((...)))..))))....
neg_52017,chr19,49355064,-,UCUCACUCCACCUUCUAGCUCCUGUGUCCCCCCAUUUAUGU,0,.........................................
neg_21838,chr6,138917069,-,UCUGCAAGGGCUUUACCAUCCACUAAAAGCUGUGUGCAGGA,0,(((((((.((((((...........)))))).).)))))).
neg_18143,chr5,150374413,+,CUGAGGAGGGAGACUCCAUGCAGCCAGGCCCGUCCCCAGAA,0,(((.(((.((.(...((.((....))))))).))).)))..
neg_53537,chr20,44624697,-,GUUAAACGGUCCUCCGUUUCCUCAUCUGCGCAUGGGAAUAA,0,...((((((....)))))).(((((......))))).....
neg_94588,chrX,73827650,-,CUCUCUUUUCUCUUUGUGAACUGUGAUUAUUUGUUACCCCU,0,......................(((((.....)))))....
neg_91289,chr7,156364297,+,GUUCGUGUCAGGGUUUUACCCAAGGGUUCCCCGCAGGUUCC,0,(..(.(((..(((....(((....)))..)))))).)..).
neg_22818,chr7,4765045,+,CUGCCGUGUGGGGUUCUGCACUGUCUAGCUUCUGCGGGGAC,0,.....((((((....)))))).((((.((....))..))))
neg_9409,chr2,58144370,+,UGUUGUAUUCUUGAAAUCUGCUAAGAGAGUAGAUCUUAAGU,0,.........(((((.(((((((.....))))))).))))).
neg_103882,chr6,138090061,-,AAAAAUGUUAAAAAUCCCAUCUUUUAAAGUGAUACCACAGC,0,.......((((((........)))))).(((....)))...
neg_43534,chr16,69466077,+,ACUUCAGUUAUUUAACUUCCCUUUUUUUUUAACUUCACCUU,0,.....(((((...................))))).......
neg_64232,chr10,71827905,-,UUCUCUUUUUUCCCAGAAAGCAGCUUGAAUAGGUAGUGCAG,0,...................(((((((....))))..)))..
neg_45216,chr17,7192274,-,CUGCCACCAUCUCUUGGGUCCCUGCCUGCCUGGUGCUCCUC,0,..((.((((.....(((((....)))))..)))))).....
neg_71612,chr15,66506262,-,AUGCCAGUUUUUUUUAAAAGCUAGUGCUCUUUCUAUUCAAA,0,..((((((((((...))))))).).))..............
neg_58699,chrX,73979885,+,CUCAUUUUUAAAGAUCUAAGCUUUCCCUGGGUAUCAUUUCC,0,............(((((.((......)).)).)))......
neg_105765,chr11,119021816,-,AGUAAAUCUCAUAAAUCUUUCGGAGAAGAGAAUCUAUUCCA,0,.....................((((.(((...))).)))).
neg_68899,chr12,98589468,+,GUUAGGGCAAUGUUUUGAGACCCAAAAUUUUGGAAUAGUGA,0,.......(((.((((((.....)))))).))).........
neg_84520,chr4,6643619,+,GCCUUGAAAGAGGAGCACAGCUUCCGAGGUCAGGAAGAGCA,0,.((((....)))).......(((((.......)))))....
neg_31784,chr11,27363316,-,UGACAAAGUCCUCCCGGCCUCCACGCGUCGCCAUGGCAACG,0,.......(((....((((........))))....)))....
neg_43783,chr16,72101535,+,GGGAACUGGCGGGGACCAAACUGGGAGAUAUAAUGGGCGUC,0,.((..((....))..))........................
neg_87668,chr6,6972780,+,UUUUCUCUCUGCUGUGCCUGCUUUGGCUACCCUCCUAUCUC,0,.............(((((......))).))...........
neg_34173,chr12,858164,+,AUCUCUUUAAGAACUUUUUACUAUAAACAAAGGAAUGUUUG,0,.......................((((((......))))))
neg_25260,chr8,1925886,+,CAGGCCAGGGCCUUCAGUGACACUGACAAUGUCUUAUUCUU,0,.((((....))))(((((...)))))...............
neg_13069,chr3,100397399,-,AUUGUUCUUUGGUAAAGCAACAAUAGGAAGGUCUUUGUGAU,0,((((((((((...)))).))))))......(((.....)))
neg_28041,chr9,127550967,-,UGGCGGACCCAGGCCUUUCACCGGCCCAGCACACGGGACAG,0,.(((........)))..((.(((..........)))))...
neg_59859,chr1,1220197,-,CUUCCCUAACAGCAGAGGCCCGGCUCGUGGGGAGGGACUGG,0,((((((((..(((.(.....).)))..))))))))......
neg_1141,chr21,8214826,+,GGCAGCAGCACUCGCCGAAUCCCGGGGCCGAGGGAGCGAGA,0,.((....)).(((((....((((........))))))))).
neg_13715,chr3,142490697,-,GGAAAAAAAUGAUCUUCAACCUCUGCCUCAUAUGAUAGACA,0,.....................((((.(......).))))..
neg_15036,chr4,73153061,-,AGCACUUUGAUUUCCUCACCCUAGUUCUGGCCCUGGUGUUG,0,((((((.......((.............))....)))))).
neg_37394,chr12,132740348,-,GACAUUUUAUAGAAGUUUACCAAGCGUGAUCUAAGGUGUGA,0,.((((((..((((...((((.....))))))))))))))..
neg_48299,chr17,81513066,-,CCUUCGGCCCUCCCGGCGACCCUCGGAGGGCGCCCCAACUC,0,......(((((((.((....))..)))))))..........
neg_58246,chrX,49111707,-,GAGGUGCUGUGGGUUGCUGUCUGGGCUGUGUUCAGUGGCAG,0,..............(((((.((((((...))))))))))).
neg_81277,chr20,59004942,-,GAGUCAGGUGACAAGAUGUGCGUCUGUGAAGGACUGCGGGU,0,..(((....)))...((.(((((((.....)))).))).))
neg_12395,chr3,48608617,-,UCCCAAGAAAUAAUUAUCUCCUCCUCCUUUCAGCCCCCAGC,0,.........................................
neg_13247,chr3,121771712,-,CUACUUGGUAAUUUUAUAUUCUUAAAUUGGAUAAAUGGCUG,0,......(((.(((...(((((.......)))))))).))).
neg_106815,chr16,87828096,-,AGAUUCUAGCCUUGUUCACACCCCCAUAAAAUAAAAAACCC,0,.........................................
neg_27434,chr9,86028168,+,ACCUAAUGAGAACAAGGACUCCUGUCUUCUUGCCCAAAUGU,0,.......((((....((((....))))))))..........
neg_56785,chr22,40345127,+,UUGAGUGUCUUUAGAUUCCUCACGUAAAAGGCAGAGAGCUA,0,.((((.(((....)))..)))).......(((.....))).
neg_35709,chr12,57719004,+,UAUUCCAGACAGAGAAAGAGCUGGACCCAGAUGGGCUGAAG,0,...(((((.(.........))))))(((....)))......
neg_19010,chr5,181186225,+,AGGUGGAGUUCCAGAAACACCGUGCACCGCUGGCCUCAAGG,0,.....(((..((((...............)))).)))....
neg_95529,chrX,154485898,-,AACCCCUGGAGAAGGUGCUACUAGAAGAAGGCGAGGCCCAG,0,.....((((.(....((((..........))))...)))))
neg_37707,chr13,41727959,-,GCAAUUCUAUCUGAAAUGUACACUAGCCAGUAGAAAUACCU,0,....(((((.(((..............))))))))......
neg_72171,chr16,270972,-,GAGUUCAGUGGUGAGAACCCCCCAGCCCCUGCUCCAGUCCC,0,(((..(((.(((..(......)..))).)))))).......
neg_33572,chr11,94831702,+,UGAGGCCCUCCUAGGUCUGCCCGAGACAAAGCUGAGGUCAC,0,...(((((..((..((((.....))))..))..).))))..
neg_84429,chr4,1738317,+,CUGGCAGGGCUGGGUUCAAGCCCCAACAUCCACACCAGUGU,0,((((..(((.((((.......))))...)))...))))...
neg_12109,chr3,45440616,+,UUAAAUUCCUGGUAGCUAACCUAAAUAUCCUGAGGUUGUGA,0,................((((((..........))))))...
neg_18156,chr5,150375680,+,UUAAUGUCUGCACACACCUACCCUGGGCUCCCUCUCCCGAU,0,.......................((((........))))..
neg_81126,chr20,57269251,-,UGCCCCUGCCCCCAGCCUCACCUGCUUGUGAAGAUCCCUCC,0,.................((((......))))..........
neg_59519,chrX,152652664,+,CGAGCAGGCCCAGCUGGCCACCUCGGAAAGCCUCAGCCCAC,0,((((..((((.....))))..))))................
neg_14904,chr4,52717477,+,GCCAGGGUGGUUUCGAUCUCCUGACCUUGUGAUGCACCUGC,0,..((((...(((.(((((....))..))).)))...)))).
neg_64713,chr10,102353851,+,CCUCAGCUUUUCUGCUCUGGCCUAUCUUUGAACCACCAUGU,0,((..(((......)))..)).....................
neg_43430,chr16,68230352,+,AUUUAGGGCAGAGAGCUCAGCCAGACCCGCCAGGCCCUCCG,0,....(((((...(.((............)))..)))))...
neg_15169,chr4,82424090,-,AAGAGCAUUGGAAGUAGUUACAACUCAAGGAUUUUGGUAGA,0,..(((..(((..........))))))...............
neg_1247,chr1,145829565,+,CAACACAUCCACUGAUUAGACUCCUUUAAUAGCUUUCCUUU,0,...........(((.(((((....)))))))).........
neg_11954,chr3,39098983,+,CCUUGCCUAGGGCAUCUGGCCCAGCCUGUGAGACUGUAAUC,0,.(((((((.((((.....))))))...))))).........
neg_47062,chr17,58001880,-,AUUGAAAUGAGACAGUAUUCCUUGUUAUACAGGCUGAAUUU,0,................(((((((((...)))))..))))..
neg_5065,chr1,111446014,+,CCUAGACUUCAUAUGAUCCACCCGCCUCAGCCUCCCAAAGU,0,.........................................
neg_90600,chr7,94596469,-,UGCUUCUGUUGAUAAUGUAACAAACAGUGCUGUAGAAUUUU,0,.((..(((((............))))).))...........
neg_80204,chr2,227280648,+,CUCUGCUAAAAUGCAGCAAACUGAAUGUGAAGGUGUUCUAG,0,..((((......))))......((((........))))...
neg_32110,chr11,47573681,+,GUGGCACAAACUGUUUUGGCCACUUACACUGAUGGAGUCAU,0,(((((.((((....)))))))))......((((...)))).
neg_51419,chr19,35274334,+,GCCCUCUUCUUCCCUUAUGGCCACAAACCCCAAGUUUCUCU,0,(((...............)))....................
neg_62527,chr1,171723078,-,GGUUUUGCGGCGUAGGGGGGCAUCACAGAACCUGCCGACAC,0,(((((((.((.((......)).)).))))))).........
neg_1583,chr15,72564704,+,UAAACAACAUAAAUUUAUUUCUUACAGUUCUUAAGGGUGAG,0,....................(((((...........)))))
neg_91469,chr8,27605101,-,CUGCCCCACCGGAGGCCUCACUUCUUCUUUCCCAAGUCCCG,0,..(((((...)).))).........................
neg_65907,chr11,62837058,-,CUGAGAGACGGAGUCUUGCUCUGUCACUGAGGCUGAAGUGC,0,((.((.((((((((...)))))))).)).))((......))
neg_70286,chr14,30604477,+,UGAGCUGGUUUAUAUCGUCACUUGGAUUGUUAAAACAGAUU,0,....(((..(((.(((........)))...)))..)))...
neg_3614,chr1,29151745,-,UCUCCAAGAAUGAGGAUAACCACAGUUCUGUUUUUUCACCU,0,......(((((..((....))...)))))............
neg_9226,chr2,42319790,+,ACAUAACAACUAGAACUACUCUCAAAGUUCCAAAUACAAAU,0,............(((((........)))))...........
neg_67160,chr12,6034750,-,UCCACGAUCGGCAUGGCCCACUACCUCACCUUCGACGGGCU,0,..............(((((.................)))))
neg_85142,chr4,99934516,-,ACAGAUGUGAUCCACUGCAUCUGGCCAGUAAUUUCUGAUGU,0,.(((((((........)))))))..(((......)))....
neg_14863,chr4,41601162,+,CAGCUUCUGUGUGUUAGAUACUUUUCAUCACUAGAGAAAUA,0,....(((((.(((...((......))..)))))))).....
neg_60171,chr1,19609728,+,UGAGUGAUAGAAGCUGUACACAAAAGAAUACAUACUUUAUG,0,...(((((((...)))).)))....................
neg_10312,chr2,151461741,+,UACUUUACAUAAAUGCAUUUCAUAAUGUAUAAAGCUACCUA,0,............(((((((....)))))))...........
neg_50477,chr19,11448542,+,UCCGCCUCCCCUUCCAGGAACCUGGAGCAAGAGAUUUCUUU,0,.....(((...((((((....))))))...)))........
neg_56801,chr22,40427822,-,UGGCGCUGAUAUUUCCAGUCCUCUAAUCCUCUAAUCACUUG,0,.((.((((.......))))))....................
neg_30966,chr10,126966659,+,UUUUAUAGACAAUCAGGAGACUGAACAGAGGUGAUCGCAAU,0,..((((......((((....))))......)))).......
neg_14203,chr3,196072793,-,AUAGAGUUUUACUAUCUUUGCACAUACAUGCCUCUGUGCAA,0,.................(((((((..........)))))))
neg_58647,chrX,73831322,-,UAGUUGCCCAUUAGAACAGACUUUCCCAGUGUACUGCAUUU,0,................(((((.........)).))).....
neg_42747,chr16,24785629,+,UACUACUUCUAAAACUGGACCAAAUAGUAGUAUUGAUGACA,0,(((((((((((....))))......))))))).........
neg_55562,chr21,44138548,+,GCCAGCUGUUUUCUCAGUGCCCUUGGCCGUGCCCUCACCCC,0,((((((((......)))).....)))).(((....)))...
neg_16737,chr5,52913744,+,AUUUUCUAUUUGAGUGUUCUCUUUGGUUCUGUAGUCAACAG,0,...........(((....))).......((((.....))))
neg_54038,chr20,57675221,-,ACCGGGCUCUGUGUCCCAGGCACAGGGAAAGUCUGGCCCUU,0,.((((((((((((((...)))))))....))))))).....
neg_38953,chr14,49826973,-,UCCCCUCUCAGGGUCUUUGCCCUUGCUGUUCUCUCUACCUG,0,.........(((((....)))))..................
neg_48442,chr17,82159550,-,ACCCUCAUACCUCUCAUUUUCUGCUGAUGCCUAACGCCUCG,0,.........................((.((.....)).)).
neg_36603,chr12,120153110,-,UGGAGUUGGACAAUCAGGGCCCUGAAAGCCCAGUUCUUGUU,0,.((((((((.(..((((....))))..).))))))))....
neg_23230,chr7,30630734,+,GCCCUGGCUGGUCUUGAAUUCCUGGGGUCAAGCAAUUCUUC,0,(((((((..((........))))))))).............
neg_28502,chr9,130453454,+,AGGUUGGGGAAAGUGAGGCCCAGGGGAAGAAAUACUUUGCU,0,....((((..........))))((.((((.....)))).))
neg_2930,chr1,11970451,+,CAAAAAAUAAGGUCUUUCUGCAGAUGACUCACCUAGUAGGU,0,..........((((..((....)).)))).((((...))))
neg_72302,chr16,1962340,-,CCUCUCUGUUCCUAGGAGUGCGACAAUUUUUGGGUUGGGGG,0,.(((((....(((((((((......)))))))))..)))))
neg_56367,chr22,35262817,+,CCUCCUACCAAAUCACAACUCAGAAACCAUAUCUGAGGUUG,0,...............(((((((((.......))))).))))
neg_49977,chr19,5919099,-,CCCACUCAGGGGAGGCCAGUCAGGAGGACGUGGACUCCCAU,0,.........(((((.((((((.....))).))).)))))..
neg_71807,chr15,75338910,+,GGAGGCCUGGGGGCUUUGAGCUAAAGUUAAUAGGGCAACAG,0,(..(.((((..(((((((...)))))))..)))).)..)..
neg_71878,chr15,78892863,+,UUGGGGGAGAUGAUUAGGGACUGCUUGAGGAUUAUGAGACU,0,........(((..(((((.....)))))..)))........
neg_4498,chr1,54202242,+,AAAUCUGGGACUCAAGUGAUCCUCCUGCCUCGGCCUCCCAA,0,.....(((((................((....)).))))).
neg_72306,chr16,1962722,-,CUUGCAAGGUAGGCUGGUGGCAGGUGAUGGGCCUGCCGUGG,0,....((.((((((((.((........)).)))))))).)).
neg_50191,chr19,10173153,-,AGUUGCUAGACCGCUUCCUGCAGAAGAACCUGAAAGAGCAA,0,............((((....(((......)))...))))..
neg_72319,chr16,1960136,-,CACCCCGACACUUGGUCAUCCGGCAGAGAGACAUUUGAGAG,0,..........(((.(((....))).))).............
neg_87645,chr6,2769638,+,UUCUAGGUUUCAUAUUGGACCACUGACUCAUCUUAGUAUUU,0,.....(((((......)))))(((((......)))))....
neg_48172,chr17,80476945,-,CUCCCGGACGCGGUGGUUUCCCGCCCGCCUGGAGCCCCGUC,0,((((.((.((.(((((....))))))))).)))).......
neg_5911,chr1,154581149,-,UUUCACAUUGUAAUUUACAUCAGAAUUUCUAGAAGACUCAU,0,.(((....((((...))))...)))................
neg_7794,chr1,224959439,+,CUGUUUAUUUCAUUUGUAUCCCUUUGUUUUGUUUGUAAUUA,0,.........................................
neg_94174,chrX,47216954,+,UCCUCUUGGGGUUUUACGUUCUGCUAGGUUGACACCCAGAA,0,...(((.((((((..((.(......).)).))).)))))).
neg_16203,chr5,14849189,-,UGACAAAGAAGAAAUCUGAUCUCUAGUAUGUACUAGUUCCU,0,......................(((((....))))).....
neg_24489,chr7,103344443,-,CUGGCGACUAGCCCCGGGGCCGUAUGGGGCCGUGACGAGUG,0,..(((.....))).((.((((......)))).)).......
neg_21693,chr6,133476673,+,AUGAACACUUAGGUUGACUCCAUAUCUUGGCUAUUUGUGAA,0,....(((..(((.......(((.....))))))..)))...
neg_36227,chr12,109092997,-,GCACAGGUGGACGUGGGAGACCCUGGAUCAGAUUGUCCCUA,0,..............((((.(..(((...)))..).))))..
neg_83567,chr3,66005816,-,CAUCAUUCCAUCUCUAGAUUCCUGGUAGAUCCAUGGGAGAU,0,.(((.((((((((((((....)))).)))....))))))))
neg_28604,chr9,130886420,+,AUCUGUCCACAUCCCCAGAGCCCAGCUCUUGCUCUCUUGUG,0,.......((((.....((((...(((....)))))))))))
neg_69955,chr13,98707698,+,UGGGAGGAUUGAUUACCAGCCUGAGCAACACAGGGGGACCC,0,...............((..((((.......)))).))....
neg_17283,chr5,123615732,+,AUUUUCAAGAAGGGUUAAAACAAAGACUGGCUAGAAAGAUA,0,..((((.((..((.............))..)).))))....
neg_45637,chr17,16071589,-,AAUUAAAAGGGAAAGUCCUCCCAUACGAGCAUUUGAAGGUG,0,........((((......))))...................
neg_2613,chr1,1790818,-,CGAUCCCGUCAUUCUGAAGCCCAGGCCCUGUGCUCAUCUCU,0,..............(((.((.(((...))).))))).....
